/*
 * ZION Cosmic Harmony v4 - Native C Implementation  (PART 1 of 2)
 *
 * Full CHv4 pipeline:
 *   Keccak-256 → SHA3-512 → Golden Matrix → Memory-Hard (64 KiB scratchpad)
 *   → NPU Mixing (2-layer quantised NN) → Cosmic Fusion
 *
 * Build (after combining p1+weights+p2):
 *   macOS ARM:  clang -O3 -shared -fPIC -lm cosmic_harmony_v4_native.c -o libcosmic_harmony.dylib
 *   macOS x86:  clang -O3 -shared -fPIC -mavx2 -lm cosmic_harmony_v4_native.c -o libcosmic_harmony.dylib
 *   Linux:      gcc  -O3 -shared -fPIC -lm cosmic_harmony_v4_native.c -o libcosmic_harmony.so.2.9.0
 *
 *   Combine:    cat cosmic_harmony_v4_native_p1.c npu_weights_c.txt cosmic_harmony_v4_native_p2.c \
 *                   > cosmic_harmony_v4_native.c
 *
 * Weights:     BLAKE3-keyed("ZION_CHv4_mixing_v1_genesis_seed") + "CHv4_weights_v1" → 16960 bytes
 * Scratchpad:  64 KiB (1024 × 64-byte blocks), 2 sequential passes + 64 random reads
 * NPU layers:  Layer1: 64→128 (GELU), Layer2: 128→64 (residual add)
 *
 * Author:  ZION AI Native Team
 * Version: 2.9.6
 * Date:    March 2026
 */

#include <stdint.h>
#include <stdlib.h>
#include <string.h>
#include <stdio.h>
#include <time.h>
#include <math.h>

/* ============================================================================
 * Platform Detection & Macros
 * ============================================================================ */

#ifdef _MSC_VER
    #define EXPORT __declspec(dllexport)
    #define ALIGNED(x) __declspec(align(x))
#elif defined(__MINGW32__) || defined(__MINGW64__)
    #define EXPORT __attribute__((visibility("default")))
    #define ALIGNED(x) __attribute__((aligned(x)))
#else
    #define EXPORT __attribute__((visibility("default")))
    #define ALIGNED(x) __attribute__((aligned(x)))
#endif

#if defined(__aarch64__) || defined(__arm__) || defined(_M_ARM) || defined(_M_ARM64)
    #ifdef __ARM_NEON
        #include <arm_neon.h>
        #define HAS_NEON 1
    #else
        #define HAS_NEON 0
    #endif
    #define HAS_AVX2 0
#elif defined(__AVX2__)
    #include <immintrin.h>
    #define HAS_AVX2 1
    #define HAS_NEON 0
#else
    #define HAS_AVX2 0
    #define HAS_NEON 0
#endif

/* ============================================================================
 * Keccak / SHA3 Constants
 * ============================================================================ */

static const uint64_t KECCAK_RC[24] = {
    0x0000000000000001ULL, 0x0000000000008082ULL,
    0x800000000000808AULL, 0x8000000080008000ULL,
    0x000000000000808BULL, 0x0000000080000001ULL,
    0x8000000080008081ULL, 0x8000000000008009ULL,
    0x000000000000008AULL, 0x0000000000000088ULL,
    0x0000000080008009ULL, 0x000000008000000AULL,
    0x000000008000808BULL, 0x800000000000008BULL,
    0x8000000000008089ULL, 0x8000000000008003ULL,
    0x8000000000008002ULL, 0x8000000000000080ULL,
    0x000000000000800AULL, 0x800000008000000AULL,
    0x8000000080008081ULL, 0x8000000000008080ULL,
    0x0000000080000001ULL, 0x8000000080008008ULL
};

static const int KECCAK_ROTC[24] = {
    1,  3,  6,  10, 15, 21, 28, 36,
    45, 55, 2,  14, 27, 41, 56, 8,
    25, 43, 62, 18, 39, 61, 20, 44
};

static const int KECCAK_PILN[24] = {
    10, 7,  11, 17, 18, 3,  5,  16,
    8,  21, 24, 4,  15, 23, 19, 13,
    12, 2,  20, 14, 22, 9,  6,  1
};

/* ============================================================================
 * Shared constants (used by Golden Matrix & Cosmic Fusion)
 * ============================================================================ */

static const uint64_t PHI_POWERS_FP[16] = {
    4294967296ULL, 6949403065ULL, 11244370361ULL, 18193773427ULL,
    29438143788ULL, 47631917215ULL, 77070061004ULL, 124701978219ULL,
    201772039223ULL, 326474017443ULL, 528246056666ULL, 854720074109ULL,
    1382966130776ULL, 2237686204885ULL, 3620652335660ULL, 5858338540545ULL
};

static const uint8_t COSMIC_XOR_MASK[32] = {
    0x74, 0x9D, 0x30, 0x60, 0x74, 0x9D, 0x30, 0x60,
    0x74, 0x9D, 0x30, 0x60, 0x74, 0x9D, 0x30, 0x60,
    0x74, 0x9D, 0x30, 0x60, 0x74, 0x9D, 0x30, 0x60,
    0x74, 0x9D, 0x30, 0x60, 0x74, 0x9D, 0x30, 0x60
};

/* ============================================================================
 * CHv4 Scratchpad Constants
 * ============================================================================ */

#define CHV4_SCRATCHPAD_BYTES  65536u    /* 64 KiB */
#define CHV4_BLOCK_SIZE        64u
#define CHV4_BLOCK_COUNT       1024u
#define CHV4_PASSES            2u
#define CHV4_RANDOM_READS      64u

/* ============================================================================
 * CHv4 NPU Weight Data (16960 bytes)
 * Generated: BLAKE3-keyed("ZION_CHv4_mixing_v1_genesis_seed") + "CHv4_weights_v1"
 *
 * Layout:
 *   [0     .. 8191]  → w1[128][64]  as int8  (row-major)
 *   [8192  .. 8319]  → b1[128]       as int8
 *   [8320  .. 16511] → w2[64][128]   as int8  (row-major)
 *   [16512 .. 16575] → b2[64]         as int8
 *   [16576 .. 16703] → scale1[128]:  (int16_t)(224 + (byte & 0x3F))
 *   [16704 .. 16767] → scale2[64]:   (int16_t)(224 + (byte & 0x3F))
 * ============================================================================ */
/* >>> NPU WEIGHT ARRAY INSERTED HERE BY BUILD SCRIPT <<< */
static const uint8_t CHV4_WEIGHT_BYTES[16960] = {
    0x96,0x92,0x93,0x56,0xd1,0x16,0xdc,0x84,0x0e,0x7f,0xf6,0x88,0xf0,0xbe,0xfa,0x9b,
    0x8d,0x96,0x71,0xcd,0xa1,0xea,0x96,0x41,0xd3,0x32,0xb2,0x53,0x76,0xe6,0x64,0xe5,
    0x60,0xd2,0xee,0xd5,0xd5,0x41,0xe0,0xc0,0x91,0xe0,0x8a,0x01,0xec,0xc9,0x24,0x06,
    0xfe,0xf1,0xd3,0x68,0x0a,0x81,0x07,0x13,0x14,0x89,0x7c,0xf1,0x57,0xfe,0xf2,0x53,
    0x60,0x56,0x61,0xd3,0xe8,0x9a,0xcd,0xbc,0x02,0x12,0x5a,0xff,0xec,0x30,0x2d,0x4d,
    0x21,0xee,0xfd,0x4a,0xde,0x65,0xf7,0xa7,0x8f,0x4e,0x8a,0xa1,0x27,0x01,0x19,0x4b,
    0xca,0x23,0xd5,0xe6,0xbf,0x6b,0xbf,0xf5,0xcb,0x2e,0x07,0x9b,0x5b,0xb0,0x41,0x76,
    0x8d,0xb3,0xe2,0x0d,0x04,0x85,0xab,0xf3,0xe6,0x94,0xec,0xf2,0xa6,0x4f,0xcb,0x57,
    0x02,0x4c,0x4e,0xe7,0x4e,0xd2,0x16,0x4d,0x30,0x5d,0x0a,0x95,0x9b,0x06,0x8d,0x8a,
    0x8a,0x68,0x3d,0xd0,0xbb,0x34,0x45,0x5a,0x3f,0xe9,0xae,0x7d,0x18,0xd6,0xa4,0x5f,
    0xbb,0x87,0x52,0xfe,0x15,0x02,0x6c,0x3b,0xd2,0xaf,0x02,0x9a,0xa4,0x01,0x25,0x7b,
    0xa2,0xc7,0xe5,0xc9,0xa8,0x84,0x3c,0x80,0x00,0x30,0x1e,0x87,0xaa,0x29,0x55,0x8e,
    0x1a,0xb9,0x33,0xe5,0xca,0xfa,0x48,0x02,0xe1,0x26,0xdc,0x41,0x4d,0xfb,0x43,0x53,
    0x76,0xbd,0x2b,0x00,0xe0,0x12,0xd0,0xd6,0x7f,0x2b,0x53,0x4b,0x12,0xfa,0x3d,0x78,
    0xdf,0x3a,0x09,0x50,0x09,0x66,0x03,0x8e,0x41,0xfb,0xb2,0x3c,0x77,0xef,0x1d,0x03,
    0x1d,0xac,0x90,0x28,0x47,0x6b,0x2a,0xde,0x99,0x8a,0x35,0xaa,0x4d,0xbd,0x8e,0x2b,
    0x73,0xf7,0x43,0x70,0x44,0x38,0xe2,0x30,0x32,0x35,0x45,0x42,0x01,0x34,0xf3,0x68,
    0x3d,0x48,0x52,0xb0,0xa3,0x3c,0x97,0xe2,0x7f,0x7f,0x37,0x89,0x6f,0x41,0x77,0xce,
    0x0a,0xe5,0xe8,0xbc,0xa0,0xb6,0x29,0x07,0x98,0x5b,0xc9,0xfa,0x0d,0xf2,0x13,0xff,
    0xd7,0x25,0x66,0xda,0xf4,0x82,0xaf,0x70,0xf4,0x62,0x36,0x06,0x5e,0x34,0xd1,0x7e,
    0xfe,0xb7,0x33,0xa6,0x1b,0xcc,0x6d,0x88,0x88,0x42,0xaf,0x93,0xcc,0xaf,0xff,0x1e,
    0x41,0x15,0x9f,0x9e,0xd2,0x48,0xe7,0x9e,0xd6,0xcd,0x1d,0x8a,0x5c,0xf4,0x23,0x88,
    0x28,0x29,0x71,0xdc,0x31,0x3f,0xb1,0x05,0x7b,0x63,0x29,0x03,0xe0,0xe9,0xb6,0x5d,
    0x0a,0x1b,0x94,0xc1,0xd5,0xd0,0x75,0x59,0x1e,0x74,0xb4,0x46,0xa9,0x49,0x86,0xaa,
    0xa5,0xd5,0xea,0x4e,0xfb,0x54,0x84,0xd9,0x6e,0xbb,0xf9,0x4e,0x5a,0x02,0x8d,0xe0,
    0x81,0xd5,0xe7,0x43,0x0d,0x7e,0xd6,0xca,0x5e,0x13,0x87,0x48,0x5f,0xce,0x56,0xdf,
    0x1e,0x68,0xdc,0xc8,0x97,0x1f,0x75,0x3a,0x2c,0x6a,0xda,0x34,0xfd,0x3f,0x06,0x2d,
    0x19,0xf0,0x78,0xd6,0x6c,0x83,0x5c,0xf3,0xc5,0xef,0xb7,0x15,0x4b,0x0e,0x0b,0xe3,
    0x1e,0xce,0x96,0x7a,0xb7,0x82,0xe9,0xa6,0xc6,0xec,0x1f,0x5c,0xe4,0x8a,0xef,0x59,
    0x4a,0x52,0xb1,0x49,0xe6,0xd6,0x66,0xfe,0x73,0x7b,0xbf,0x1f,0x95,0x58,0x9a,0x0e,
    0xad,0x09,0xc3,0x15,0xca,0x4f,0xfd,0xe1,0x42,0x50,0xf2,0x00,0x1a,0x78,0xb2,0xa7,
    0x5d,0x84,0xdb,0xdd,0x6f,0x71,0xab,0xb2,0xfa,0xed,0x89,0x29,0x4c,0xc4,0xf3,0x52,
    0xba,0x67,0x87,0xc7,0xdd,0x02,0x7c,0x2c,0xe7,0x01,0xc3,0x9d,0xa6,0x1e,0xd5,0x6f,
    0xd8,0x26,0xe5,0x90,0x32,0x00,0x9b,0x1f,0xcc,0x6f,0x8f,0xd4,0xdd,0xa5,0x9f,0x3e,
    0xa3,0x2b,0xf3,0xb7,0xc9,0xe3,0x52,0x9b,0x29,0x41,0xf5,0x9c,0xe3,0x0c,0x90,0xb0,
    0x9e,0x63,0x88,0x5b,0x8b,0x52,0x72,0x0f,0x8a,0x27,0xbd,0xeb,0x1f,0x25,0xd1,0x7e,
    0x3a,0xf3,0xca,0x4a,0x2b,0x60,0xe7,0xce,0x03,0x4c,0x25,0xec,0x77,0xcb,0x48,0x8a,
    0xe4,0x22,0x8a,0x26,0xea,0x36,0x17,0x20,0xd9,0x26,0xef,0x48,0x59,0x1c,0xf7,0x52,
    0x66,0x20,0xfd,0x50,0xe2,0xf0,0x4b,0x3f,0x21,0xe4,0x54,0x06,0x22,0x82,0x55,0x54,
    0x8a,0x1f,0xc1,0x63,0x19,0xf3,0x92,0xa9,0x5f,0x40,0x51,0x6b,0x50,0x94,0xeb,0x68,
    0xaa,0x8c,0x01,0x0d,0x08,0xc5,0x6a,0xa3,0xcf,0x3a,0x2a,0xbc,0x66,0x0b,0x94,0x86,
    0x85,0x7a,0x48,0x4e,0xa0,0xb3,0x9b,0x0c,0x20,0xff,0xae,0xbf,0x49,0xf3,0xb3,0xab,
    0xef,0x3e,0xf7,0x3d,0x2c,0x25,0xfa,0x13,0xf7,0x22,0x31,0x41,0x64,0x5f,0xd5,0x75,
    0xa5,0xf4,0xe4,0x94,0x44,0xa6,0xab,0x19,0x99,0x41,0xc5,0x17,0x1d,0x50,0x92,0xda,
    0x99,0xe2,0x01,0x94,0x70,0x52,0x9c,0x6c,0x73,0x7b,0xd5,0xd7,0x35,0x3c,0x79,0xb5,
    0xc4,0x62,0x2a,0xd3,0x20,0xb3,0x2f,0x2d,0x5b,0xe9,0xaa,0xe4,0xe1,0xa9,0x68,0xe3,
    0x91,0xb6,0xfc,0x69,0x51,0xa5,0x56,0x50,0xa6,0xf0,0xf2,0xea,0xa7,0xdd,0x4f,0x90,
    0x45,0x28,0x19,0xad,0x57,0x5f,0x1d,0x1b,0xae,0x0a,0xc8,0x0a,0x1f,0xd0,0x90,0x80,
    0x74,0x1b,0x13,0xfa,0x03,0x2a,0x12,0xee,0x79,0x17,0xcf,0xa8,0xf8,0xb4,0x40,0x1c,
    0xde,0x1f,0x0d,0xcd,0xad,0xcc,0x46,0xcf,0xee,0xe7,0xc0,0xe1,0x60,0x7c,0xbe,0xe3,
    0x82,0x0a,0xfb,0x63,0x5d,0x27,0x2b,0x58,0x0e,0x0a,0xe8,0xdf,0x2a,0x9b,0x6e,0x3f,
    0xf0,0x89,0x41,0xca,0x82,0xf4,0x91,0x61,0xe0,0x03,0x2f,0xa5,0x6f,0x37,0xd0,0x1e,
    0xa3,0x06,0x85,0x3b,0x0d,0xcd,0x5b,0xdb,0x2e,0x2f,0xbe,0x11,0x51,0xb8,0xc9,0x9e,
    0x2d,0x7d,0x31,0x8b,0xab,0x0f,0xbf,0xcd,0x6d,0xbd,0xd7,0x92,0x58,0xb0,0x39,0xd2,
    0x9a,0x1b,0x7e,0xd3,0x84,0xea,0x00,0x23,0xe0,0xa9,0x6a,0xc1,0x70,0xff,0xd5,0xd8,
    0x63,0xcc,0xa0,0x9f,0x84,0xcf,0x62,0x43,0x5e,0xbd,0xd3,0x47,0x62,0xed,0x22,0x31,
    0xc0,0x78,0x7a,0x01,0xaa,0x2a,0x5b,0x60,0xaa,0xf0,0x21,0x12,0x47,0xce,0x74,0x8b,
    0x58,0x4e,0x2f,0x2b,0xd8,0xb9,0xdb,0xe7,0x07,0x6e,0x38,0x84,0x56,0xb7,0x72,0x8a,
    0x7d,0x8f,0x6d,0x34,0x8b,0xd7,0x52,0x00,0xcf,0x4a,0x4e,0xec,0x5c,0x11,0xd7,0x3f,
    0x68,0x4b,0x9b,0xa4,0x85,0xe8,0xfe,0x27,0xae,0x01,0xb7,0xf0,0x25,0x5c,0x05,0x7a,
    0x01,0x4b,0x49,0x12,0xd4,0x9a,0x8e,0x7e,0x43,0x19,0xa2,0x3e,0x8b,0xc5,0x71,0x6c,
    0x4c,0x6f,0x25,0x69,0x55,0xa0,0x8e,0x06,0xef,0xa2,0x78,0xc9,0x62,0x62,0x72,0x3e,
    0x13,0x4d,0xab,0x7e,0xfc,0x8a,0xa1,0xfa,0x0a,0x1b,0xcc,0x8e,0x8e,0xfa,0xa1,0x3a,
    0x47,0xe1,0xef,0xe6,0xe8,0x47,0x47,0xfb,0xd3,0xf3,0x06,0x60,0xde,0xd6,0x20,0x37,
    0x48,0x84,0xee,0x3f,0x7f,0xd3,0xc2,0xe7,0x1c,0xa2,0x4f,0x04,0x56,0x1f,0x79,0x99,
    0x1a,0x63,0x43,0xc2,0x4b,0x33,0x7c,0x42,0x23,0xd5,0xbf,0x1a,0x20,0xa0,0x1e,0x03,
    0x44,0xe6,0x86,0xa6,0xa0,0x92,0x18,0x2e,0x84,0x59,0x1d,0x26,0x82,0x6c,0xc6,0x06,
    0xcd,0x0a,0xf0,0x88,0xb6,0x63,0x06,0x6f,0xf5,0x7f,0xb5,0x47,0xb3,0x78,0x11,0xfd,
    0x7c,0x55,0xd4,0x20,0x4d,0x0e,0xc1,0x77,0xad,0xc2,0x0d,0x26,0x73,0x4e,0xa0,0xba,
    0x8f,0x39,0xe1,0xb2,0x1f,0x2d,0x53,0x15,0xaa,0xd1,0x5e,0xd5,0x88,0xc4,0xed,0x8b,
    0xe3,0x0e,0xdc,0x7a,0xcf,0x10,0x12,0xf6,0x0d,0x31,0xba,0x0f,0x5d,0xff,0xff,0x89,
    0x99,0x2b,0xa0,0x1b,0x73,0xfa,0x6f,0x5e,0x4b,0xc6,0x78,0x78,0xc8,0xd7,0xfb,0x8c,
    0xf7,0x09,0x78,0x9f,0xbb,0xce,0x50,0x27,0x45,0xc4,0x20,0xdd,0x1b,0x02,0xb5,0xbe,
    0xdf,0x2e,0xa1,0x29,0x66,0x61,0xbc,0x19,0x1e,0xe6,0x7d,0x53,0x36,0xdd,0xea,0x7e,
    0x66,0x62,0x75,0x59,0x15,0x17,0xa7,0x4a,0x60,0x02,0xa2,0x3e,0xed,0x7b,0xbf,0x26,
    0xbe,0x91,0x44,0x05,0x77,0x20,0xf3,0x14,0x56,0x35,0xff,0xf7,0xb3,0xdc,0xa9,0xae,
    0x82,0x86,0x9d,0x8e,0x55,0x2a,0xfd,0x7c,0x5c,0x9c,0x9d,0x8a,0x3a,0x5f,0xf2,0xdf,
    0x1d,0x10,0x3c,0xce,0x83,0xbc,0xa2,0x01,0xd2,0xda,0xbe,0xdc,0xf8,0xf9,0x61,0x9f,
    0x79,0x0b,0xb8,0x66,0xdd,0x6b,0xdd,0x39,0xa0,0xe6,0xc1,0xe5,0x1e,0xae,0x31,0x80,
    0xcd,0x0b,0x74,0xae,0x0f,0x23,0x26,0x91,0x1f,0x46,0x82,0xdc,0x58,0x9c,0x0e,0x4a,
    0x64,0x2a,0xfd,0x8a,0x45,0xa7,0xfc,0x11,0x23,0x76,0x87,0xe7,0xb2,0x8f,0x40,0x5a,
    0x82,0xeb,0xc0,0x1b,0x21,0x88,0x94,0x92,0xe8,0xa9,0x68,0xea,0x0d,0x21,0x07,0x87,
    0x1f,0xeb,0x10,0xd3,0xb1,0x82,0xd0,0xb8,0xf4,0xb6,0x63,0xa8,0x9c,0x6b,0xe3,0x5e,
    0x3c,0x4e,0x48,0xe2,0x58,0x55,0x78,0x5d,0xc4,0xde,0x65,0xd4,0x39,0x56,0xd9,0x8c,
    0xec,0x79,0x79,0x37,0x5d,0x1a,0x3b,0xfa,0x30,0xf8,0x11,0x1d,0x13,0x73,0x18,0x5d,
    0x35,0x85,0xa3,0xfe,0x9e,0xfa,0x58,0x48,0x93,0x27,0xfc,0x06,0xb8,0xc1,0xd8,0x8f,
    0x9a,0xef,0x88,0x23,0x5f,0xfa,0xd3,0xc6,0x13,0x40,0xd5,0x79,0x25,0x46,0x5c,0x77,
    0x57,0x6b,0x24,0xd1,0x7a,0x4b,0xb9,0xa7,0x52,0x3e,0x12,0x33,0x03,0x5f,0xbd,0x97,
    0xe6,0x3b,0x09,0xeb,0xbe,0x5f,0x2a,0x18,0x04,0x85,0x32,0xa9,0x73,0x1d,0xf0,0x74,
    0x0c,0xc2,0x30,0xc0,0xc4,0x8e,0x0d,0xf7,0x16,0x4d,0x6e,0xc4,0x43,0xc3,0x5a,0xf8,
    0x92,0x7e,0x6f,0xbf,0x3d,0x73,0xf1,0x2d,0x4a,0x61,0x19,0x08,0x02,0x61,0xd4,0x6f,
    0x12,0x4e,0x46,0x0e,0xc8,0x84,0xb6,0xdd,0xa0,0xbd,0xc0,0xa7,0xc0,0x12,0x5a,0x17,
    0xaf,0x95,0xa1,0x6a,0x71,0xb8,0x7f,0x2e,0xb0,0x3d,0x53,0xb7,0xa7,0x65,0xc2,0x32,
    0xd4,0xa3,0xa1,0x5c,0xfd,0x09,0xc9,0xf9,0x6c,0x4a,0x08,0xce,0x4c,0x8a,0x1f,0x39,
    0xcf,0xb2,0xc0,0xea,0xe7,0x49,0x53,0xc3,0xca,0x93,0xfd,0x57,0x36,0x80,0xff,0x34,
    0x28,0xa0,0xee,0x02,0x54,0x13,0x9d,0x67,0xb3,0x37,0x1d,0xbe,0x89,0x19,0xb1,0xe9,
    0x86,0xbb,0x6c,0xb1,0xbe,0x73,0xcc,0xe1,0x2b,0xaf,0x68,0x01,0x5a,0xa4,0x42,0x0e,
    0x9e,0x05,0x2a,0x0d,0xd4,0x13,0x79,0xc1,0x5a,0x9a,0x1d,0x08,0x8c,0x1e,0xcb,0x23,
    0x54,0xd8,0x38,0xf9,0x44,0x68,0xdf,0x13,0xcb,0xc9,0x39,0x89,0xdb,0x9c,0x01,0xc4,
    0xf7,0x64,0xda,0x7d,0x8c,0x52,0x2b,0xbd,0xbd,0xb3,0xfc,0x81,0x4a,0xa0,0x3e,0x8c,
    0xda,0x22,0xf5,0xd3,0x9a,0x3a,0xdb,0xf3,0x38,0x26,0x71,0x06,0xcf,0xc8,0xe8,0x52,
    0xb6,0xbd,0xde,0xd1,0x90,0x7e,0x0f,0xaa,0x77,0x2a,0x7f,0x9b,0xee,0x2b,0x0f,0x09,
    0x16,0x29,0xa1,0x51,0xaf,0x1c,0x5a,0xd3,0x6f,0xf1,0x3f,0x45,0x12,0x05,0x5a,0x4b,
    0xc2,0x54,0x2f,0xef,0xab,0xc0,0xea,0x50,0xe7,0x47,0xdd,0x94,0x11,0x60,0xb8,0xca,
    0x9b,0x4b,0x08,0xe1,0xd4,0xed,0x05,0xbc,0x48,0x49,0x7b,0x1c,0x6b,0x27,0xbe,0x39,
    0x69,0x7d,0xea,0x73,0x1f,0xdd,0x50,0x87,0xff,0x15,0xbd,0xcd,0x43,0xdf,0x4a,0x19,
    0x7c,0x40,0x0a,0x44,0x8f,0x66,0x6a,0x02,0x62,0xa0,0x9f,0x72,0xde,0x57,0xe6,0x31,
    0x2d,0x7d,0x7b,0xed,0xb4,0xe9,0x37,0xeb,0x8b,0x96,0x26,0x94,0x6a,0xb6,0xa8,0xd5,
    0x34,0x0a,0xef,0x3f,0x8c,0xdc,0xb5,0x02,0x34,0x00,0x4c,0xff,0xd8,0xe4,0xd7,0x76,
    0x37,0x93,0x44,0x71,0xdd,0xe5,0x92,0xa9,0x38,0x8e,0x69,0xf4,0x96,0x04,0xa8,0x24,
    0x40,0x71,0x97,0xf2,0x1e,0xf3,0x55,0x5e,0xe6,0x59,0xd1,0xb5,0xd1,0x60,0x42,0x3c,
    0x95,0x68,0x6e,0x8c,0x5e,0xfc,0x6b,0x2c,0xf3,0xd0,0x67,0xbd,0x70,0x70,0x59,0x54,
    0xaa,0x71,0x4e,0xf8,0x60,0xee,0xb7,0x73,0x2f,0xd9,0x9b,0x0c,0xae,0x15,0x11,0xcc,
    0x59,0xa9,0x31,0x31,0xf1,0x8f,0x45,0xb4,0xa5,0xef,0x64,0xea,0x72,0x4f,0xcb,0xd1,
    0xe4,0x4b,0x48,0xa8,0x28,0xce,0x08,0x3a,0x2b,0x06,0x42,0xcd,0x59,0xb0,0x89,0x0d,
    0x7d,0xbc,0xcd,0xa5,0x69,0xbc,0x66,0x03,0x11,0x20,0x4e,0xaa,0x31,0x73,0xa1,0xbb,
    0xc6,0xa7,0x6e,0x43,0x30,0xfe,0x33,0xd5,0xfc,0x8e,0xac,0x74,0xf0,0x55,0xb0,0x47,
    0x12,0xb3,0x72,0xe2,0xa7,0x47,0x4f,0x44,0x52,0x16,0x5a,0x3b,0x98,0x5b,0xf6,0x1c,
    0x3f,0x09,0xde,0xe3,0x0f,0xc4,0xd3,0x3f,0xf8,0xed,0x4a,0xa6,0xe6,0x26,0x9f,0x90,
    0x0a,0x86,0xfe,0x34,0x4e,0x3e,0x31,0x17,0x07,0x7c,0x07,0x06,0xf0,0xe7,0x08,0xb3,
    0x5b,0x11,0x67,0xfc,0x57,0x54,0x3d,0x08,0x93,0xf0,0x3c,0x68,0xf2,0x55,0xd9,0x1c,
    0x3d,0xb3,0xad,0xd2,0x65,0xfa,0xfa,0x32,0xbf,0xc9,0x95,0xfe,0x0d,0x07,0xc5,0x67,
    0x87,0x6a,0x3e,0x48,0x14,0xcd,0x06,0x0b,0x9a,0x44,0x91,0xe7,0xc7,0xe5,0xad,0x04,
    0x9c,0xfa,0x4f,0x9a,0xa1,0x5e,0x61,0xa1,0x20,0xf8,0xb8,0x3d,0xd2,0x10,0x95,0xce,
    0xde,0xcf,0x81,0x6b,0xba,0x88,0xbf,0x8e,0xee,0x25,0x32,0xfa,0xc9,0xb0,0x27,0x7f,
    0xef,0x5a,0xb9,0x78,0xba,0x19,0x37,0x8d,0x60,0x2b,0x12,0xa5,0x34,0xdf,0xaa,0x02,
    0x42,0x32,0x73,0xc9,0x4b,0x33,0xd7,0xc0,0xfe,0x70,0xd2,0x25,0x04,0xa0,0x3b,0xa6,
    0x97,0x7e,0x8c,0x55,0x32,0x17,0x03,0x9b,0xe1,0x5e,0x43,0x48,0x75,0x0d,0x46,0x74,
    0x0d,0x7c,0x59,0xe6,0xa9,0xe5,0xd0,0x4b,0x85,0xc8,0x2d,0xbe,0xaf,0x68,0x7f,0xfd,
    0x4d,0x83,0x17,0x24,0x00,0xfd,0x6d,0x2e,0xaa,0xef,0x3c,0xa4,0x42,0xb2,0xfe,0xe6,
    0x0b,0x4f,0xf1,0x2a,0x7a,0xb5,0xe3,0xe5,0x27,0xe1,0x53,0x5c,0x46,0xd7,0x1b,0x59,
    0x08,0x2a,0x29,0xa8,0x1c,0xbe,0xc8,0x3b,0x21,0xd0,0x40,0x70,0xd7,0x88,0x96,0x9b,
    0xc2,0x6f,0x46,0xf7,0x91,0xda,0xc3,0x15,0x90,0xe3,0x65,0x32,0xa3,0x40,0x4f,0x03,
    0xac,0xce,0xa4,0x46,0xf8,0x4b,0x19,0xe2,0xb6,0xa5,0x36,0x32,0x77,0x1e,0x4e,0xa2,
    0x94,0x7d,0xa4,0xc8,0x24,0xd6,0x81,0xff,0x66,0x6c,0xeb,0x3e,0x48,0x0d,0x81,0x43,
    0x32,0x67,0x17,0xc4,0x47,0x40,0x7b,0xf0,0x0d,0x86,0x7b,0x2e,0xe5,0xc6,0xd0,0x2d,
    0xa6,0x08,0xf4,0x77,0x29,0xe3,0x87,0x0b,0x63,0x14,0xa2,0x79,0xca,0x30,0x83,0x1b,
    0xc7,0xe2,0xc1,0x0b,0x61,0x67,0xb6,0x12,0xdd,0xe9,0x1f,0x07,0x91,0x48,0x5e,0x7b,
    0x4a,0xa6,0x48,0x4b,0x3d,0xa5,0xa7,0x41,0x07,0x97,0x98,0x5c,0xd7,0xff,0x52,0x7f,
    0x34,0x34,0x0c,0xf9,0x1c,0x53,0x0b,0x6c,0x08,0x9a,0xf0,0x51,0xc1,0xd4,0x7c,0x86,
    0x4c,0x02,0xc9,0x6f,0x10,0x79,0x35,0x2d,0x6b,0x54,0xb0,0x71,0x60,0xef,0x8f,0x53,
    0x33,0x31,0x09,0xe6,0x69,0xed,0x44,0x8c,0x4b,0x21,0x64,0x11,0x63,0xb5,0xbd,0x79,
    0xea,0x7e,0xb2,0x0b,0x6a,0xe7,0x3d,0x36,0x9a,0x5d,0x9b,0x10,0x7c,0x5e,0x96,0xb6,
    0x46,0x4b,0x37,0x4a,0x43,0x21,0x2c,0xe0,0x5c,0xd2,0x79,0xfd,0x01,0xeb,0xfd,0xe0,
    0x88,0x67,0x4a,0x64,0xa6,0xc2,0xe8,0x88,0x73,0xe3,0xdb,0x78,0xd6,0x8a,0xbc,0xea,
    0x1e,0x86,0xb7,0x23,0x43,0x38,0xcb,0xb1,0x04,0x10,0x4e,0x5a,0x70,0xbb,0xd9,0x00,
    0x1c,0xf7,0xb0,0x8d,0xe5,0x9e,0xe8,0x28,0xfd,0xc6,0x03,0x7d,0x4a,0xbb,0x0f,0x69,
    0xfa,0x73,0x20,0x95,0xa4,0xa4,0x06,0x05,0x75,0x4f,0x85,0x26,0xae,0xd1,0x00,0x1d,
    0x69,0xc7,0x7b,0xa3,0x2d,0x5d,0x5e,0xcb,0x48,0xf9,0x40,0x95,0x66,0x75,0x77,0xa3,
    0x65,0x55,0xec,0x93,0x0f,0xc4,0xa6,0x0d,0xa6,0x24,0x5e,0x75,0xf0,0x0b,0x18,0xef,
    0xd9,0x25,0xc7,0xf8,0x44,0x74,0x7a,0x98,0xb8,0x34,0x6b,0x3e,0x0e,0xa9,0x24,0x75,
    0x7a,0x3f,0xe0,0x5a,0x12,0xfa,0xd1,0x93,0xd9,0x29,0x67,0xf6,0x18,0xae,0xa4,0x1d,
    0x01,0xb0,0x42,0xeb,0x83,0x5d,0x63,0x26,0xf4,0x9a,0x43,0xcb,0x66,0x55,0xd3,0xe6,
    0xf9,0xf2,0x8e,0x4d,0x55,0x19,0xff,0xd9,0x3b,0xf4,0xe0,0x4a,0x3e,0x77,0x25,0x02,
    0x63,0xf4,0x37,0x61,0x9d,0xbf,0x84,0x62,0xff,0x6e,0x78,0x11,0x90,0x3b,0x4f,0x7b,
    0xd3,0xc0,0x3e,0xbd,0x80,0x1e,0xb7,0x7d,0xb8,0x43,0xec,0x33,0x26,0x53,0x34,0x85,
    0x9b,0x07,0xa1,0x12,0xa2,0xd9,0xfa,0xae,0x4c,0xc8,0x66,0xd2,0xb7,0x8f,0x8e,0x6a,
    0x77,0x26,0xd7,0x99,0x3c,0x3b,0xeb,0x9d,0x23,0x3c,0xcb,0x8d,0x02,0x52,0x03,0x78,
    0x81,0xfd,0xdc,0x8f,0x2d,0x66,0xeb,0x00,0x4b,0xba,0xd3,0xc5,0x01,0xb7,0x4d,0x41,
    0xff,0x36,0xec,0xd3,0xb6,0x46,0xb0,0x52,0xc9,0x91,0xc6,0x9b,0x7c,0x26,0x84,0x2b,
    0xc0,0xd0,0x2c,0x33,0xf0,0xb5,0x19,0x23,0x97,0x57,0x6f,0xe2,0xb7,0xae,0x94,0xc2,
    0x2c,0xf9,0xc3,0x63,0x7d,0x23,0xb8,0xa1,0xc8,0xf7,0x7f,0x50,0x3f,0xf6,0xac,0xfd,
    0x36,0xad,0x5f,0xde,0xd2,0x08,0x6f,0xa4,0xc6,0x01,0xa9,0x64,0x14,0xdc,0x5b,0xe7,
    0x5a,0xbd,0x10,0xb1,0x30,0x5a,0xeb,0x05,0x4d,0x25,0x11,0x72,0x46,0x9d,0xb3,0x20,
    0x41,0x50,0x44,0x51,0xe3,0x6b,0x00,0x78,0x02,0xac,0x89,0xf0,0xe2,0x19,0x93,0x5c,
    0xd9,0x67,0x26,0x14,0xa3,0x9b,0x18,0xc0,0x3c,0xa4,0xd3,0x0d,0xca,0x72,0xde,0xf5,
    0x01,0xf8,0x47,0xed,0xc2,0xf9,0x55,0x22,0x82,0x6f,0x92,0xcd,0xc1,0x32,0x6a,0x4b,
    0xe7,0xbf,0x91,0x2f,0xa5,0x6c,0x95,0x5d,0x1a,0x80,0x4e,0x09,0x21,0x84,0xa3,0x8e,
    0x26,0x79,0xb1,0x1d,0xde,0x80,0x2d,0x6f,0xf0,0x6b,0xfa,0x18,0xf9,0x6f,0x2f,0xda,
    0x9c,0x40,0x2f,0xaa,0x17,0xfb,0x5d,0x34,0xd6,0xf3,0x8b,0x2f,0xe9,0xdb,0x09,0x1f,
    0x89,0x98,0x57,0x8c,0x0d,0xe6,0xfe,0xb2,0xa4,0x54,0x43,0x49,0x04,0x04,0xfe,0xcb,
    0x92,0xda,0x74,0x97,0xb4,0x1e,0x45,0x61,0x0d,0xaf,0x0b,0xb3,0x77,0xe8,0x54,0x6c,
    0x18,0xe6,0xf5,0x18,0xa0,0xa5,0xb6,0x56,0xa6,0x31,0xb3,0x58,0xe6,0x0d,0xb7,0xac,
    0x31,0x39,0xdb,0x47,0x4b,0xc0,0xcc,0xe8,0x4f,0x29,0xbb,0x05,0x9a,0x08,0x06,0xfa,
    0x1d,0xc7,0xac,0xfa,0x05,0x87,0x59,0x8f,0x8f,0xf7,0xc8,0xc6,0x45,0x01,0x4c,0x27,
    0x8f,0x31,0x96,0xa7,0xda,0xee,0xa0,0xa6,0xcd,0x7e,0xda,0xbd,0x87,0x63,0x1a,0x28,
    0xfb,0xf9,0x3c,0xdc,0x1c,0x93,0xd3,0xc9,0x24,0x72,0xf6,0xa4,0xac,0x7d,0xc4,0xa6,
    0x35,0xa3,0xd8,0x75,0xd7,0xa2,0x13,0x85,0xc5,0x31,0xb6,0x8f,0x6f,0x90,0x94,0x74,
    0x03,0x38,0xdc,0x42,0x94,0xff,0xb8,0x93,0x5d,0xd5,0xb2,0x63,0xf0,0xf6,0xab,0xc3,
    0xd4,0xc0,0xd4,0x4e,0xfe,0x65,0xe0,0x0f,0x85,0x4d,0xfb,0xcb,0xbf,0xb0,0xc1,0x96,
    0xb6,0xbd,0x22,0x04,0x03,0xe0,0xaf,0x0a,0x16,0x6e,0x6b,0x0e,0xf9,0x97,0x15,0x06,
    0x1b,0x93,0x5e,0xc8,0x3a,0xbe,0x03,0xbb,0xc2,0x6b,0x4e,0x7b,0x01,0xcd,0x2d,0xea,
    0xe6,0x08,0x53,0xda,0xb3,0xfb,0xe1,0x75,0xd6,0x08,0x39,0xba,0xcd,0xda,0x4e,0x0e,
    0xcb,0xd1,0x52,0x8f,0x77,0x36,0x1d,0xbd,0x3b,0xe3,0x8e,0x1b,0xa3,0x03,0xc9,0x1b,
    0x2c,0x23,0x06,0xff,0xcf,0xd4,0xb0,0x97,0x4f,0xed,0x4e,0x32,0x2b,0x6b,0x5f,0x52,
    0x07,0x17,0xe2,0x8f,0x68,0x77,0x06,0x06,0x2e,0x5e,0xe3,0x4e,0xd7,0x3d,0x52,0x23,
    0x99,0x62,0x6f,0x37,0xab,0xb3,0xa5,0xc5,0x0e,0xba,0xab,0xed,0x9c,0xdd,0xbf,0xde,
    0xb2,0xcc,0x5c,0x15,0xcb,0x08,0xff,0x7e,0xc4,0x48,0x3b,0x42,0x83,0x4c,0xfb,0x2f,
    0xfc,0x92,0xdf,0x98,0xd7,0x46,0xfa,0x22,0x32,0xdb,0xa5,0xf6,0x4f,0x85,0x3c,0x97,
    0x36,0xfd,0xa3,0xb2,0xed,0xf2,0xe3,0x78,0x53,0x55,0x1d,0x39,0xd5,0x15,0xfa,0xfc,
    0x92,0x22,0x04,0x20,0xb2,0x52,0x0c,0xcd,0x87,0xac,0x65,0x15,0x20,0x78,0x26,0xe0,
    0xd8,0xfc,0x92,0x29,0x3e,0x5f,0xd1,0x3e,0x41,0x51,0x68,0x55,0x28,0x10,0x1b,0x24,
    0x90,0x14,0x17,0x33,0xd7,0x38,0xdc,0xbf,0x96,0xf7,0xe4,0x11,0xf1,0x48,0x44,0x5c,
    0x70,0x64,0x60,0x1a,0x16,0x3c,0x1c,0x76,0x43,0x40,0x99,0x62,0x5b,0xce,0x6d,0xfa,
    0xff,0x56,0x72,0x0d,0x72,0xdc,0x63,0xd8,0x24,0x5d,0xfe,0x53,0x58,0x2c,0x8e,0xb8,
    0x19,0xc5,0x66,0xe5,0xfb,0x30,0x57,0x25,0x6e,0xc9,0x10,0x0f,0xf4,0xba,0x2e,0x79,
    0x74,0xb6,0x9c,0x88,0x90,0x12,0x0d,0xb4,0x18,0x57,0x25,0x96,0xd9,0x67,0xe4,0x74,
    0x56,0x03,0xe0,0x7c,0x67,0x49,0x76,0x24,0x20,0x54,0x04,0xa7,0x7b,0x9d,0x0e,0xee,
    0xdb,0x92,0x20,0x1c,0x70,0x5f,0xc1,0x41,0xd8,0xec,0xae,0xda,0xdb,0xf7,0xfa,0xd4,
    0xeb,0x7b,0x0e,0x45,0x60,0x5a,0xe4,0x4b,0xf3,0x8d,0xc6,0xb6,0x82,0x56,0xc8,0xf9,
    0x12,0xd7,0x57,0x31,0x2c,0x95,0x66,0x90,0xac,0xfc,0xf9,0xf9,0x53,0x2e,0x7e,0x2a,
    0x9c,0x6b,0x2e,0x83,0x56,0xaf,0xa0,0x57,0x49,0x1c,0x7e,0x00,0xe6,0x91,0x83,0x11,
    0x9f,0xb2,0x54,0x22,0xab,0xc5,0xa9,0xf9,0x0a,0x89,0x76,0xf6,0x33,0x17,0xb8,0x4a,
    0x29,0x43,0x53,0xb4,0x1b,0x82,0x84,0xd8,0x70,0x34,0x99,0x26,0x6d,0x74,0x82,0x37,
    0x6b,0xa5,0xea,0x69,0x99,0x2b,0xb8,0xdf,0x5c,0xd9,0x6f,0xcb,0x6a,0xb2,0x60,0xac,
    0xe7,0x76,0xf8,0xb8,0x30,0x47,0x64,0x58,0x9a,0x85,0xf1,0x73,0xb5,0x79,0x01,0xfe,
    0xdd,0x01,0x61,0xf2,0x65,0xb2,0xe8,0x01,0xd4,0xac,0x3f,0x17,0x09,0x0f,0xc2,0x20,
    0x1f,0xdb,0xca,0x1a,0x6d,0xef,0x0f,0xeb,0x78,0xb3,0xdf,0x7d,0x1d,0x83,0x2e,0xb4,
    0xa6,0x08,0x37,0x90,0x2e,0x5b,0xf1,0x4f,0x38,0xf2,0xe0,0x99,0x7b,0xa4,0x3b,0x45,
    0xef,0x94,0xdc,0x0f,0x2b,0x7a,0x55,0x86,0xe0,0xe8,0x81,0xd3,0xfa,0xc3,0x63,0x63,
    0x11,0x79,0xd0,0x34,0x92,0xb6,0x19,0x49,0xe7,0x31,0xb6,0x70,0x80,0x5e,0x1e,0x15,
    0xe0,0x21,0xb7,0xc7,0xff,0x47,0x44,0x80,0xce,0xe5,0x9b,0xee,0x21,0xcc,0x1c,0xb5,
    0xae,0x2a,0xad,0x18,0x63,0xda,0x67,0xf0,0x86,0x8d,0x80,0x6b,0xab,0x6a,0x87,0xfd,
    0x22,0x60,0x98,0x89,0xe6,0x0b,0x20,0x8f,0x2f,0xfc,0x9c,0xe9,0x35,0x85,0x8d,0x07,
    0x97,0xb8,0x07,0x88,0x8e,0x5d,0xc8,0x47,0xfb,0x8f,0x3a,0xd3,0xc3,0x33,0x15,0xd9,
    0x1e,0xa0,0xd4,0xbf,0x91,0x53,0x78,0x08,0xe9,0x40,0x94,0x0e,0x6e,0x6a,0x06,0xdb,
    0x1e,0xc2,0x41,0x47,0x6e,0x26,0xc2,0x8d,0x54,0x5f,0x86,0x2c,0xaf,0xac,0x52,0xf9,
    0xd7,0x04,0x57,0x5a,0xe2,0x47,0xf6,0xc7,0x25,0x35,0x1e,0x74,0xf0,0x39,0x5a,0xa7,
    0x03,0x59,0x08,0x2f,0x4c,0xd2,0x63,0xf0,0x06,0xf8,0x18,0xbe,0xf8,0x91,0xb6,0xae,
    0x41,0xe0,0xf6,0x80,0x46,0x52,0xfa,0x5b,0xb0,0x4f,0xde,0x01,0x8b,0xe9,0x24,0xbb,
    0x36,0x44,0x53,0x95,0x18,0x58,0x82,0x53,0x60,0x9f,0x26,0xee,0x6e,0x97,0xdd,0xc9,
    0x33,0x3e,0xd7,0x68,0x79,0x25,0x34,0x5a,0xab,0xbf,0xf8,0x72,0xef,0xec,0xde,0x46,
    0x38,0xcb,0x93,0xdb,0x8b,0xa6,0xb3,0xca,0xae,0x42,0x20,0x07,0xa2,0x9b,0xf5,0x06,
    0x9c,0xae,0xd0,0x79,0xe7,0x17,0x23,0x45,0x0e,0x80,0xd8,0xd3,0x14,0xf3,0x51,0xf4,
    0xdc,0xe9,0x02,0xa3,0x87,0x86,0x50,0x61,0xe9,0x4f,0x71,0xb2,0x97,0x46,0xd8,0x39,
    0x3e,0x3e,0xdd,0xc4,0x2c,0xf2,0x4c,0x13,0xf8,0xb8,0x31,0xcd,0xd1,0xfd,0x41,0xb9,
    0x90,0x7b,0x08,0x82,0x97,0xa6,0x21,0x36,0xeb,0x65,0x94,0xcc,0x91,0x76,0x15,0xee,
    0x3b,0x05,0xdd,0x3f,0x2f,0x00,0x3a,0xde,0xfe,0x5c,0x38,0xf2,0x5d,0x89,0x89,0xc0,
    0x43,0x4f,0x19,0xb2,0x35,0x1c,0x69,0x5c,0xcd,0xfc,0x89,0xd7,0x83,0x64,0x86,0x37,
    0x77,0x5b,0xe2,0x8a,0xae,0x2a,0x02,0x8b,0xce,0xf3,0xab,0x4d,0xd5,0x5c,0x93,0x91,
    0x8f,0x68,0x0d,0x8f,0x34,0x37,0x97,0xd9,0x83,0x92,0x78,0x3e,0x65,0x0e,0x70,0xcb,
    0xae,0x93,0xd0,0x16,0x41,0xfa,0xaa,0xa2,0xa4,0x68,0x51,0x46,0xc0,0x6d,0x57,0xa1,
    0xc6,0x06,0xeb,0xf3,0xe4,0xff,0xa5,0xb3,0x8b,0xbc,0x29,0xf9,0xe6,0x47,0xeb,0x69,
    0x93,0x19,0x3c,0xb6,0x1c,0x8f,0xa5,0xf6,0x64,0x07,0x8d,0x52,0xb8,0xf1,0x85,0x44,
    0x2f,0xe5,0x72,0xfb,0xbe,0x21,0x0d,0x12,0xb6,0x1b,0xff,0xc4,0x81,0x5d,0xfa,0xc6,
    0xca,0x0b,0x0a,0x2c,0x67,0x37,0x39,0x37,0x40,0xd7,0xb8,0x62,0x5f,0x22,0xb7,0x3d,
    0xdd,0x62,0x55,0x96,0xd6,0xf6,0x16,0xde,0x71,0x62,0x43,0x28,0xa4,0x73,0xba,0x6e,
    0x10,0xfb,0xd2,0x9f,0x03,0x46,0xc5,0x23,0x7b,0x0f,0x85,0x33,0x83,0xaf,0xc0,0xf5,
    0xd4,0x86,0x9e,0x63,0x9d,0xde,0x9e,0x97,0xc8,0x0a,0x7f,0xf9,0xfb,0x35,0xa8,0x08,
    0x03,0x4f,0xd3,0x61,0x9b,0x09,0x06,0xef,0x9a,0x12,0xdc,0xe1,0x52,0xde,0x58,0xb1,
    0x7f,0xf2,0x3c,0xd7,0x4f,0x3a,0x7d,0xd4,0x41,0xeb,0x20,0x36,0x25,0xe8,0x28,0xba,
    0xb3,0x87,0x00,0xd7,0x67,0x5f,0xe0,0xc2,0xbe,0xc5,0x87,0x35,0xfb,0xf2,0x5d,0x5d,
    0x71,0xb2,0xdb,0x81,0xc9,0xd8,0x6e,0xb5,0x6a,0x3c,0x33,0xd7,0x40,0x62,0xf0,0x56,
    0x9a,0x50,0x54,0x69,0x73,0x19,0x39,0xfb,0x98,0x49,0x7b,0x17,0xb5,0xa0,0xc2,0x94,
    0xf6,0x85,0xee,0x08,0xff,0x28,0x2f,0x0d,0xf3,0xfc,0x2c,0xb9,0x17,0xf4,0xf3,0x39,
    0x8d,0x0d,0xb6,0x3b,0x9a,0xd7,0xaa,0x2e,0xd5,0x68,0x5a,0x0a,0xc7,0x82,0x7a,0x66,
    0x04,0x83,0xbd,0x6d,0x7c,0xe8,0x0d,0x67,0x31,0x6c,0x24,0x58,0xdd,0x81,0x03,0xe7,
    0xc1,0x91,0xb5,0x55,0xdb,0x38,0x02,0x8b,0x8d,0x29,0x71,0xf3,0x95,0xea,0x38,0x57,
    0x75,0x0e,0x96,0x1a,0xb2,0xc0,0xfb,0x87,0x4b,0x82,0x49,0xd4,0x1a,0x47,0x78,0x40,
    0x14,0x53,0xf8,0x01,0xd4,0xe8,0xbf,0x28,0x9a,0x9f,0x3f,0xf0,0xbf,0x6a,0x68,0xe5,
    0xf2,0x6e,0x9e,0xb9,0x2e,0x57,0x43,0x3f,0x27,0x6f,0x2a,0x96,0xb6,0xbc,0x72,0x58,
    0x6a,0x4d,0x53,0xd2,0x5e,0x2c,0x44,0xe5,0xdf,0xe2,0xd5,0xa0,0xd9,0x7d,0x1d,0x12,
    0xac,0xcb,0x9c,0x05,0x30,0x8d,0xad,0x0c,0x98,0x7f,0x5c,0x0a,0x01,0x2f,0xca,0x0a,
    0xff,0xb8,0xce,0xb2,0xd3,0x51,0x96,0x08,0x0a,0x86,0x6f,0xf0,0xa6,0x73,0xf2,0xd9,
    0x5a,0xc5,0x6d,0x4a,0xe6,0x2a,0xd8,0xef,0x19,0x6c,0xcc,0x25,0x8d,0x8b,0x70,0x18,
    0x83,0x85,0xa0,0xd4,0x1d,0x64,0x9d,0xb7,0xae,0x43,0x59,0x8f,0xd2,0xd6,0x13,0xac,
    0x2e,0x87,0x96,0x4f,0x62,0x00,0x34,0x85,0x5e,0x25,0xdf,0x70,0xb0,0xc3,0xee,0x49,
    0xf6,0x70,0x46,0x56,0x16,0x86,0x6c,0x48,0x48,0x4e,0xe5,0xb5,0x76,0xb5,0xd8,0xc0,
    0x4e,0x2e,0x54,0xb4,0x17,0x8c,0xfb,0xe5,0x37,0x2f,0xc4,0xdd,0x7d,0x82,0xdc,0x6c,
    0x41,0xc1,0x4d,0x20,0x18,0x7c,0xb3,0x4e,0xa0,0xe5,0xd3,0xa4,0xf6,0x44,0xf0,0x13,
    0xf8,0x3e,0xa2,0xeb,0x8e,0xeb,0x2d,0x6b,0x3a,0x32,0x0c,0x62,0x02,0x25,0x0c,0x2c,
    0xc1,0x6d,0x3c,0xa1,0xd6,0xfa,0xf2,0x70,0xef,0xbc,0x25,0xad,0xbf,0xde,0x92,0xd8,
    0x56,0x9d,0x55,0x33,0xb1,0x06,0xf2,0x2b,0xe4,0x38,0x6e,0x96,0xf5,0xd9,0x79,0xd2,
    0xe5,0xaf,0x7f,0x9a,0xfc,0x0b,0x7b,0xcd,0x32,0xf0,0xa2,0xd3,0x67,0xcd,0x23,0x3a,
    0x27,0x93,0x62,0x04,0xf5,0x71,0x47,0x00,0x7b,0xc3,0x0e,0x0c,0x1a,0x5a,0xa1,0x28,
    0x3e,0xa0,0x58,0x06,0x1c,0x8c,0x02,0x1b,0x43,0x47,0x6d,0x82,0xbd,0xfc,0x9e,0xbd,
    0x0a,0xf1,0x67,0x44,0xea,0x76,0x51,0x19,0xe0,0x4d,0xdd,0xc1,0xc7,0xab,0x96,0x71,
    0xa9,0x26,0x5b,0x2d,0x16,0x2f,0xd1,0xbd,0xfd,0x7a,0xa3,0xa0,0x2d,0xf8,0x72,0x12,
    0x2c,0x42,0x86,0x16,0x62,0xad,0x52,0x35,0xaf,0x70,0x19,0x69,0x4c,0x8a,0x3f,0xc2,
    0xd7,0xcd,0x2b,0x2a,0x61,0xde,0x81,0x84,0x92,0xb0,0xda,0xe0,0x13,0x28,0x30,0x1e,
    0xec,0x90,0x62,0x13,0xd3,0x76,0x7f,0x1a,0xef,0x46,0xf6,0x2a,0xa3,0x51,0x63,0x5c,
    0x78,0x36,0x03,0x9b,0x16,0x66,0x9b,0x24,0x5f,0x91,0x2a,0x8b,0x13,0x38,0x62,0x46,
    0xf4,0x70,0x78,0x39,0xfa,0xbc,0x69,0xf5,0x10,0xc9,0x43,0xac,0x35,0x22,0x49,0x21,
    0x62,0xf0,0x9d,0x88,0xe1,0x45,0x75,0x41,0x7c,0x41,0x75,0x06,0xa2,0xc9,0x8c,0xb5,
    0xd0,0xca,0x3d,0xb7,0x39,0x6d,0xdd,0xb5,0x0d,0x18,0x34,0x3b,0x97,0xad,0xe2,0x92,
    0x0b,0x9d,0x03,0xde,0xad,0x1c,0x63,0x26,0x31,0x2b,0xf5,0xe5,0xe2,0xfe,0x36,0x58,
    0xea,0xb2,0x44,0xc7,0xa9,0xed,0x9a,0x7d,0x88,0xe9,0xcf,0xf8,0x9b,0x75,0x2d,0x0d,
    0xea,0xf0,0x6d,0xd4,0xea,0x56,0x06,0xb1,0xf2,0xd5,0xc8,0x6f,0x6c,0x64,0x7a,0xb5,
    0x2d,0x9a,0xb5,0xfb,0x76,0x63,0x36,0xd8,0x10,0x21,0xfd,0xf8,0xb0,0x54,0x4a,0x7c,
    0x78,0x91,0x9e,0x6c,0xee,0xb2,0xe9,0xe6,0x92,0x93,0x05,0x0b,0x71,0xc1,0xea,0x8f,
    0xb0,0x1a,0x2d,0x91,0x2c,0xcf,0x90,0xdd,0xe3,0x9a,0xd8,0x7f,0xa6,0x27,0xd5,0x47,
    0x6b,0xd9,0xf6,0x67,0x67,0xef,0x38,0xab,0xf1,0xa8,0x0d,0xa2,0xd9,0x00,0xbb,0x7c,
    0x1a,0x88,0x45,0x28,0x28,0x1f,0x23,0xd9,0xe1,0xc8,0x11,0xa6,0x49,0xe0,0x9d,0xe9,
    0x32,0xe0,0x39,0x8e,0xd8,0x70,0xb7,0x0c,0x9b,0x24,0xf2,0x30,0x78,0xfa,0xff,0xc1,
    0x6c,0x42,0xae,0xa0,0x96,0x8f,0x82,0x19,0x45,0x1d,0x63,0x4d,0x76,0x44,0xd6,0x9b,
    0xb1,0xa0,0x40,0xc8,0xd2,0x70,0xdb,0x92,0x1b,0xe6,0x29,0x85,0xe9,0x34,0x4e,0x34,
    0xe4,0x8b,0x16,0xb4,0xd2,0x12,0x4c,0xcf,0x6f,0x69,0x9b,0xca,0xc1,0xed,0xe9,0x8c,
    0xba,0xc7,0x5f,0x6c,0xad,0x20,0x87,0x13,0xf3,0xca,0x00,0x94,0xe8,0xea,0x49,0x2b,
    0xdc,0xfb,0xd6,0x15,0x95,0x74,0x88,0xa1,0xfa,0x7f,0x90,0x0a,0x56,0xa6,0x00,0x4f,
    0x14,0xbd,0x97,0x5a,0x90,0xd8,0x59,0x94,0x66,0x5d,0x75,0xc5,0x45,0x01,0xe3,0x16,
    0xf5,0xd8,0x4e,0x23,0x01,0xeb,0xde,0x24,0x2d,0x2d,0xce,0xd9,0xd5,0xf7,0xd4,0x59,
    0x2c,0x14,0x32,0x74,0xcc,0x2e,0xcc,0x2a,0x69,0xd4,0xae,0xf8,0x17,0x5a,0x71,0xc5,
    0xcd,0xd9,0x4a,0xc7,0x06,0x8a,0xd6,0x16,0x43,0x75,0x4a,0x35,0xc7,0xee,0x66,0x30,
    0x8c,0xf2,0x56,0x5e,0xf6,0x32,0xd1,0x65,0x7f,0x34,0x38,0x4c,0x77,0x57,0xfe,0x6e,
    0x3a,0xf1,0x1c,0xea,0x03,0xc8,0x65,0x01,0xfc,0x34,0x0c,0xe9,0x02,0xa4,0xb8,0x17,
    0xfa,0xd3,0xa8,0xba,0xef,0xcd,0xff,0x85,0xa3,0x01,0x8d,0x29,0x39,0x4d,0xaa,0x6f,
    0x5f,0x84,0xe3,0x84,0x45,0x54,0x9b,0x3d,0x35,0x62,0x39,0xef,0x33,0xd6,0xb3,0xa9,
    0x0e,0x01,0xb4,0xc0,0x21,0xba,0x28,0x92,0x93,0x3d,0x62,0xe8,0x83,0x53,0xf0,0x1a,
    0xe2,0x42,0x3b,0x3e,0x15,0xa1,0xf3,0x82,0x38,0xef,0xe8,0x30,0xbe,0xff,0x18,0x62,
    0xdf,0x82,0xde,0xd1,0xa2,0xa1,0xb9,0x1a,0x98,0xe7,0x83,0x52,0x9a,0xe0,0xb4,0x4d,
    0x77,0x8d,0x70,0x13,0x83,0x9f,0x84,0x85,0xf0,0x0e,0x48,0x2f,0xe4,0x38,0x6a,0x7f,
    0x13,0x65,0x99,0x63,0xe1,0x8d,0x75,0x98,0x17,0x0b,0x81,0x5a,0x67,0x9c,0x3d,0x45,
    0xe9,0x42,0x98,0x0f,0xee,0x8c,0x25,0x8e,0x51,0xed,0x35,0x61,0x70,0x69,0x97,0x66,
    0xaf,0xde,0xcc,0x96,0x71,0xa9,0xda,0xb0,0x75,0x85,0x05,0xe2,0x1a,0x73,0x46,0x9b,
    0xe2,0xb1,0xec,0x65,0xb1,0xe7,0xc2,0x23,0xc8,0x0b,0xdd,0x56,0xcc,0x68,0x69,0x3c,
    0x99,0xf5,0xde,0xcc,0x98,0xad,0x92,0xe0,0x22,0xb8,0xd2,0x36,0x38,0x12,0xce,0xd3,
    0x30,0x21,0x8d,0x2d,0x64,0x12,0xe0,0x32,0x9c,0xd8,0xc7,0xcb,0xe8,0xee,0x29,0x74,
    0x2d,0x30,0x84,0x9c,0x21,0x7f,0x08,0xd3,0xb7,0xf7,0xed,0x5e,0xe1,0xf6,0x35,0xf9,
    0x66,0x64,0x7e,0x99,0x5b,0xbf,0xaf,0xdd,0x8b,0xc8,0x06,0xdc,0xc7,0xf5,0x56,0x2b,
    0xc5,0xca,0x54,0x34,0xe2,0xd9,0xd8,0x7d,0xdb,0x21,0x75,0x01,0x55,0x83,0x95,0xd6,
    0x9e,0xc3,0xac,0x53,0x4d,0x52,0xfe,0x8b,0xe6,0xd1,0xf4,0xed,0xf2,0x59,0x58,0x39,
    0x28,0x8a,0xaa,0xe6,0x73,0x42,0x7d,0x20,0xcb,0xf8,0xed,0x19,0x68,0xf2,0x6c,0xe9,
    0x81,0xe3,0xe0,0xec,0x31,0x39,0xe3,0xbb,0x6c,0xaf,0x70,0x62,0x6d,0xa4,0x22,0x5e,
    0x3a,0xbe,0x60,0x2b,0xe2,0xb3,0x52,0xc2,0x38,0x97,0x2f,0xd3,0xa1,0x29,0x3c,0x1c,
    0x5b,0xc7,0xfa,0xec,0xbf,0x77,0xe8,0x0b,0xed,0x8f,0xcf,0x52,0x1b,0x62,0x23,0xe3,
    0xc7,0x2c,0xb9,0xa7,0x7b,0xe3,0xc4,0x47,0x5a,0x2d,0xd6,0xad,0xd8,0x58,0x73,0x94,
    0xf3,0xf8,0xda,0xcd,0xea,0xcb,0x10,0xea,0x1e,0x9f,0x9e,0xed,0x71,0xc7,0xa0,0xf8,
    0x1e,0x04,0xff,0xfa,0x5d,0x9e,0x14,0xf4,0x09,0x5e,0x1f,0xfc,0xec,0xe4,0xf4,0xf5,
    0x56,0x4e,0xcc,0xd9,0x26,0x8e,0xae,0xea,0x4f,0x53,0x20,0x6b,0x4e,0xde,0x28,0xdb,
    0x58,0x38,0xa1,0x7f,0xe3,0xa7,0xf3,0x2e,0x6d,0xbf,0x7e,0x54,0x0d,0xf4,0xaa,0x8e,
    0xc3,0x4f,0x37,0x36,0x65,0x76,0x14,0xbf,0xee,0x42,0xbf,0xed,0x64,0xb3,0x45,0xef,
    0x3a,0xc0,0x23,0x5d,0xd8,0x2c,0x1c,0xd5,0x9e,0x4c,0x34,0x7b,0x44,0xd1,0x25,0xf9,
    0x02,0x1b,0xa6,0xce,0xc8,0x13,0x8b,0x97,0x87,0x0a,0xc8,0x17,0x4f,0x6e,0xd9,0x84,
    0xe0,0x57,0x0d,0xbf,0x5c,0x63,0xcb,0x18,0x9c,0xe1,0xa9,0x4c,0x46,0xbd,0x18,0x55,
    0xd1,0x2b,0x5f,0x5e,0xfd,0x64,0xf3,0xcc,0xb1,0x42,0x94,0x44,0x49,0x54,0x10,0x9e,
    0x03,0xf2,0x27,0x71,0x46,0x90,0xe2,0xe2,0xf0,0xcd,0x90,0x90,0x87,0xeb,0x2a,0xa9,
    0xbb,0x88,0xed,0xd5,0x79,0xe8,0xe9,0xdb,0x59,0x14,0xec,0x08,0x7c,0xa9,0x40,0xc3,
    0xdb,0x03,0x97,0x9d,0xee,0x73,0xe6,0xd5,0x1d,0x36,0xed,0x84,0xf1,0xb6,0x75,0x25,
    0x29,0xc7,0x4f,0x88,0xa3,0xc6,0xf1,0xaf,0x02,0x92,0x6b,0x2f,0x2c,0x6f,0x33,0xf6,
    0xf8,0x78,0xf2,0x2e,0x9c,0x25,0x1e,0xc5,0x8e,0xc5,0xc4,0x59,0x7c,0x05,0xb0,0x6d,
    0x4c,0xec,0x74,0x6a,0x6e,0xb6,0xd5,0x0a,0xc3,0x82,0x08,0x85,0xf8,0xe0,0x6c,0x2b,
    0x08,0xa6,0xae,0x57,0x37,0x2d,0x14,0x1b,0x93,0xb3,0xba,0x3f,0x88,0x7f,0x2d,0x8e,
    0x07,0x20,0xe8,0x30,0xc5,0x0a,0x17,0x21,0x16,0x3d,0x5b,0xbb,0xab,0xd3,0xd7,0xe6,
    0xf3,0xac,0x36,0x8c,0x01,0xf3,0x02,0x10,0x48,0xa9,0x8d,0xb7,0x75,0x85,0x27,0xb6,
    0x47,0x14,0x70,0xf5,0xc5,0xc1,0xf6,0x7c,0xd3,0xb6,0xe3,0x37,0x10,0xe8,0xdf,0x10,
    0xb3,0x77,0x9b,0xc7,0x4a,0xed,0x02,0x6e,0x2a,0x99,0xc2,0x6c,0x3b,0x08,0x42,0x97,
    0x21,0x66,0x01,0x86,0x5f,0xad,0xa7,0x78,0x3f,0x35,0x7f,0x6f,0x43,0x13,0xda,0x91,
    0xf5,0x89,0x79,0x03,0xef,0xf8,0x3a,0x92,0x1d,0x06,0xa0,0x62,0x20,0x83,0x92,0xe1,
    0x38,0xce,0x67,0x0d,0x4c,0xf0,0xe7,0x55,0x55,0xb9,0x92,0x1a,0x74,0x54,0x6e,0xcf,
    0xbb,0xe0,0xed,0xa8,0xbe,0x39,0x9c,0xba,0xec,0x6f,0x56,0xa6,0x2c,0xc1,0xe5,0x6b,
    0x6e,0xac,0x62,0x0a,0xb1,0xc9,0x57,0x44,0xc2,0xfe,0x87,0xbc,0xdd,0xfc,0x2d,0xa6,
    0x1d,0xf6,0x7a,0x01,0x7f,0x90,0xdb,0xe1,0xc0,0x7d,0x5d,0x71,0xf2,0xb4,0x59,0x6e,
    0xb3,0x23,0xd9,0x2b,0x04,0xd7,0x20,0x22,0x5a,0x68,0x03,0x7d,0xbd,0x6b,0xc4,0x99,
    0xe1,0xe4,0x72,0x2d,0x37,0xff,0x0e,0x0f,0xc8,0xad,0x55,0x03,0x8e,0x5f,0x98,0xd4,
    0x6b,0x25,0x67,0xf8,0x2f,0x9a,0xde,0xe0,0xa8,0xf9,0x9c,0x3b,0x82,0x3b,0x4a,0x59,
    0x71,0x2d,0xd5,0x06,0x73,0x6b,0x0b,0x72,0x8c,0x02,0xfd,0x4d,0xc9,0xa2,0x83,0xc9,
    0xd5,0xc3,0xd0,0x3e,0x2f,0x80,0x4f,0xff,0x15,0x56,0xbf,0x82,0x4d,0x75,0x16,0xd0,
    0xf0,0xb1,0xfe,0x19,0xa4,0x60,0x29,0xbf,0x76,0xb9,0x16,0xec,0x14,0x88,0xc2,0x68,
    0xe0,0x8a,0x03,0xf3,0x78,0xe4,0xc7,0xd8,0x92,0xbf,0x43,0x85,0x46,0x7f,0x9b,0x5c,
    0xbb,0x61,0x1a,0x26,0x82,0xe6,0xd5,0xab,0xb4,0xbe,0x00,0x90,0xa7,0xcf,0xf1,0x70,
    0xc8,0x63,0xf0,0x91,0x57,0x24,0xf1,0x30,0x4e,0x02,0x24,0xde,0x33,0x95,0x0e,0x24,
    0x7f,0x6e,0xf4,0x5b,0xef,0x5c,0x9a,0xa0,0x63,0x29,0x41,0xd1,0xc1,0xf8,0x06,0xa0,
    0xbf,0x8a,0xe1,0x0f,0xfb,0x12,0x69,0x8e,0x1b,0x0d,0x8f,0x60,0x0a,0xff,0x30,0x6e,
    0x80,0xba,0xa8,0xd7,0x6b,0xa6,0xdf,0x7f,0x60,0xe6,0x36,0xc9,0xc2,0x73,0x68,0x89,
    0x7e,0x39,0xfe,0xf9,0x6c,0xac,0x23,0x68,0x65,0x8d,0x8c,0x34,0x57,0x3a,0x3e,0x6d,
    0x0a,0x8f,0xae,0xfb,0xa8,0x12,0x42,0xca,0x7d,0x93,0xc9,0xe7,0x56,0x35,0x83,0x22,
    0x19,0xc8,0x21,0xa9,0x08,0xe1,0x45,0x5c,0x62,0xf9,0x9a,0x6a,0x00,0x89,0x6a,0x95,
    0xd6,0x28,0xec,0xc9,0x7c,0x5f,0x1e,0x59,0x0f,0x2e,0x2c,0x56,0x56,0x16,0x3b,0x65,
    0x3f,0xf7,0x01,0xee,0x1f,0x8c,0xb9,0xf0,0xc6,0xfb,0x2c,0x86,0x9f,0x0a,0xc8,0x5b,
    0x8c,0xa2,0x6b,0x6e,0xd2,0x31,0x9e,0x0a,0xc1,0x56,0x42,0xec,0xbb,0x9e,0xb0,0xe0,
    0xa2,0xce,0x9c,0x7e,0xff,0xe6,0x1c,0x53,0xf2,0xd9,0xcf,0xbf,0xaf,0x17,0x4e,0x9c,
    0xb7,0x75,0x2c,0x0f,0x2a,0x8e,0xdd,0x43,0xf2,0x56,0x8e,0xdb,0x76,0x17,0xfa,0x3c,
    0x5e,0xcb,0x41,0x3c,0xbf,0x0a,0xb5,0x53,0xc3,0x98,0x69,0xcf,0x7a,0xbb,0x01,0xec,
    0xaa,0x1c,0xea,0xe7,0xce,0xe3,0x4e,0x3b,0xbb,0x07,0xb9,0xed,0xd6,0xb1,0x3f,0x98,
    0x65,0xcc,0x14,0x41,0x1a,0x67,0x34,0x4e,0x2e,0xb7,0x11,0x90,0xef,0x25,0x1c,0x64,
    0xfe,0xd8,0x9d,0x97,0xa8,0xb2,0xb5,0xe6,0x31,0xd1,0x25,0x9a,0xca,0x46,0xfc,0x65,
    0x56,0x05,0x91,0xab,0x80,0x0a,0xa6,0xe2,0x47,0xc2,0xe7,0x0c,0x25,0xb3,0x18,0x36,
    0x85,0x64,0xdc,0xfe,0xc0,0x7f,0x0f,0x83,0x48,0x36,0x56,0x67,0x12,0xa2,0x29,0x93,
    0x6e,0x90,0x71,0xbd,0x98,0xe0,0xdb,0x00,0x84,0x0f,0xbd,0xa9,0x7c,0x73,0x9c,0x8a,
    0x46,0xdb,0x1f,0x0b,0xa0,0x82,0x6d,0xcd,0xc2,0x92,0x31,0xdf,0x59,0x7e,0x18,0x3f,
    0x35,0x49,0x50,0x51,0xbd,0xa3,0x0c,0x88,0xe9,0x16,0xdf,0x2d,0xc0,0xe6,0x24,0x9f,
    0x04,0xf8,0x8e,0x42,0x5a,0xd4,0x0f,0x56,0xb9,0x20,0x59,0xcf,0x81,0x0d,0x8e,0xeb,
    0x9f,0x53,0xc9,0xe2,0x05,0x26,0xac,0x52,0x88,0x1f,0x40,0x04,0x78,0x55,0x73,0x51,
    0xe0,0x89,0x37,0xdf,0xff,0x38,0x31,0x1d,0x8e,0xcc,0xce,0xa5,0x71,0xd6,0xaf,0x99,
    0x54,0x30,0x28,0x36,0xf4,0x40,0xf7,0x08,0x5c,0xef,0x9b,0xdf,0xd7,0x41,0x70,0xb9,
    0x9a,0xb0,0x5d,0x52,0xd5,0x32,0xd2,0xb0,0xe8,0xab,0x40,0x89,0x4e,0xd7,0xfc,0x2c,
    0xd2,0x6a,0xbe,0x1f,0x65,0x23,0x78,0x1b,0x09,0x04,0x4f,0x5c,0xf3,0xc1,0x95,0x0e,
    0xf4,0x32,0x8a,0xcf,0xed,0x82,0x6f,0x3d,0xa0,0xb6,0xc2,0xba,0x0b,0x3b,0x3c,0x63,
    0xf4,0x80,0x46,0xe6,0x85,0x3a,0xbb,0xbe,0x4c,0x8d,0xff,0x07,0x92,0xbb,0xf1,0x80,
    0x11,0xec,0x41,0x8c,0x85,0xad,0xe9,0xd9,0xe3,0xed,0xca,0xec,0x06,0xec,0xca,0xff,
    0xcb,0x85,0xa9,0xa7,0x1c,0x9a,0xdf,0x77,0x06,0x5f,0x41,0x02,0x7a,0x88,0x44,0x3d,
    0xac,0x65,0x42,0x53,0x45,0xdf,0x53,0x78,0x07,0xf3,0xa0,0xdf,0xb3,0xe9,0x46,0x28,
    0x54,0x56,0x20,0xa3,0xe9,0xee,0x7f,0xed,0x3b,0x06,0x21,0x0b,0x00,0xf1,0xc5,0xb5,
    0x5f,0xa9,0x60,0x8f,0x41,0xa9,0x81,0x1b,0x5e,0x11,0xf7,0x47,0x73,0x46,0x36,0x48,
    0x2a,0x69,0x28,0xfb,0x6d,0xea,0x78,0x75,0x02,0xe9,0xd3,0xab,0x1c,0x52,0x5f,0xcc,
    0x34,0x14,0x71,0x4d,0x55,0xfa,0xe1,0x59,0x11,0xd7,0xe8,0x4e,0xce,0xe2,0xd3,0x0c,
    0xca,0xa9,0x6c,0xe9,0x66,0x39,0xd0,0x16,0xcd,0x63,0xe8,0x2a,0xa4,0xc8,0x79,0x06,
    0x1a,0xfc,0x66,0x60,0x59,0x48,0x91,0xde,0xcd,0x93,0xcc,0xbd,0xb8,0x1c,0x62,0xe0,
    0x2f,0xbe,0xe5,0x72,0x51,0xfc,0x69,0x46,0xbe,0xa1,0x45,0x12,0x51,0x3c,0xab,0xbc,
    0x4c,0x2d,0xd0,0xd5,0xbf,0xd9,0xbb,0x60,0xa2,0xc4,0x5c,0x93,0xe3,0x83,0xf8,0x33,
    0x4f,0x63,0xf1,0x53,0x6a,0xa8,0x6c,0xe4,0x84,0xc7,0xee,0x7c,0x38,0x05,0x28,0xb6,
    0x67,0x47,0x81,0x52,0xfc,0x17,0x58,0x6f,0x6a,0xb2,0xd3,0xc1,0xc9,0xf1,0x59,0xa7,
    0xa4,0xe2,0x9c,0x67,0x81,0x69,0xf1,0x86,0x84,0x93,0x19,0xf4,0xd7,0xf2,0x8a,0x4f,
    0x81,0xaa,0xf9,0xad,0x8e,0xc2,0x82,0x3b,0x88,0x44,0xdf,0x2b,0xc0,0x69,0x74,0xd1,
    0xbb,0x45,0x17,0x7a,0xcc,0xa4,0x82,0xe5,0x36,0x84,0xa8,0x5c,0x33,0xe5,0xe9,0xe8,
    0x57,0xf8,0xd4,0x74,0x48,0x47,0x43,0xf1,0xbb,0xee,0x5d,0x6a,0x61,0xc3,0x11,0xb8,
    0x05,0xb5,0xc1,0xf0,0xe6,0xa1,0x61,0x5a,0x69,0x1d,0xf8,0xec,0x2f,0x8c,0x6b,0xde,
    0xa6,0x7f,0xa4,0x4f,0xef,0xd3,0x4b,0x99,0x8b,0xde,0x30,0x20,0xf7,0x3a,0x33,0xbf,
    0x97,0x92,0xfb,0x0a,0x48,0x34,0x13,0xd8,0x5c,0x17,0xc3,0xf2,0x92,0x4a,0xa5,0x49,
    0xfa,0x6c,0x6f,0xe9,0xb8,0xc8,0x58,0x55,0xfa,0x2d,0x6b,0x5e,0xf1,0x0a,0x15,0xee,
    0x37,0x59,0xfa,0x1e,0xcd,0xea,0x93,0x81,0xb7,0xfd,0x4e,0xe3,0x42,0xe9,0x92,0x5c,
    0x89,0x22,0xa9,0x27,0x91,0x38,0x3f,0x47,0xa8,0x4e,0x51,0xf7,0x7a,0x6c,0x24,0xb6,
    0x31,0xc3,0x8c,0x61,0x4b,0x22,0xe0,0x78,0x27,0x99,0x16,0xb3,0xb7,0xec,0x92,0xb5,
    0xf1,0x08,0xcb,0xa2,0x54,0x5d,0xc4,0x25,0x3c,0x3b,0x7f,0xef,0x46,0x4a,0xeb,0x39,
    0x48,0xe3,0x83,0x62,0xe6,0x51,0xaa,0x8b,0xd1,0xb2,0x34,0x11,0xfe,0x79,0x5b,0xa0,
    0xe0,0x03,0xf3,0x22,0x01,0x12,0x4c,0x50,0x8d,0x11,0xc8,0x38,0xf3,0x73,0x90,0xd4,
    0xad,0x22,0x76,0x4b,0x65,0x73,0xc9,0xb4,0x29,0xab,0x66,0x26,0x21,0xf7,0x1b,0x99,
    0xce,0xef,0x07,0xc2,0xc1,0x6c,0xb9,0xa8,0xd3,0x19,0x96,0x4f,0x97,0x19,0xa3,0x32,
    0x16,0x8d,0xa3,0x94,0x1b,0xe6,0x23,0x5d,0x0c,0x21,0x1b,0x50,0xea,0x48,0xa0,0x41,
    0x96,0xd3,0x48,0x46,0x6d,0xe6,0x3c,0x51,0x42,0xf6,0x11,0xdd,0xe1,0xab,0xa8,0xe7,
    0x3f,0x66,0xb3,0x36,0x65,0x98,0x92,0xb8,0x79,0xc5,0x46,0xc4,0x82,0x36,0xe3,0x6a,
    0x1d,0x10,0xf3,0xd2,0xe1,0x5e,0xe5,0xbf,0xaa,0xa3,0xeb,0x89,0x3d,0x00,0x2c,0xb9,
    0xf7,0xfa,0x17,0x01,0x5e,0x99,0x5e,0x18,0x64,0xa3,0xc3,0x31,0x11,0xc1,0x20,0x63,
    0x24,0x34,0xb5,0x1c,0x47,0xd9,0xb3,0x4d,0x11,0x5b,0x4c,0xe3,0xdb,0x9f,0xfd,0xb8,
    0x5d,0xf6,0x9d,0xdf,0x83,0xb0,0x0e,0xee,0xb0,0x46,0xbb,0x5f,0xc7,0x4d,0xcf,0x7b,
    0x7f,0x0e,0x4f,0xc0,0x88,0x72,0x1f,0x25,0xfd,0x06,0x9d,0x95,0xb4,0x3d,0x49,0x80,
    0xf2,0x5d,0x8f,0xad,0x87,0x40,0x96,0xc0,0xe7,0x95,0x44,0xd9,0x30,0x4a,0x78,0xc3,
    0x66,0x7b,0x37,0xc3,0x5e,0x41,0x27,0x76,0x4c,0x81,0x63,0x7e,0xd7,0x64,0xe1,0x70,
    0x93,0x67,0xa0,0xb3,0xf2,0x92,0xd5,0x61,0x08,0x98,0xb8,0x34,0x13,0xd8,0xca,0x1f,
    0x2c,0x19,0x4d,0x86,0x1b,0xc2,0x89,0xbb,0xcd,0x31,0x35,0xfa,0x1b,0x4f,0x4a,0xad,
    0x9e,0x0d,0x09,0xab,0xa6,0x68,0xd6,0xf8,0x1a,0x63,0xb5,0xc4,0x09,0x35,0xeb,0x95,
    0x2d,0x55,0x75,0x4c,0x56,0x50,0x58,0x1b,0xd3,0x98,0x6e,0xb1,0x48,0xd7,0x63,0x42,
    0x4e,0x47,0x77,0x1b,0xc2,0xd5,0x74,0x87,0xbc,0x91,0x67,0x3e,0x1f,0x30,0x68,0xf0,
    0x9b,0x9b,0x46,0x88,0xd4,0x12,0xf3,0x5e,0x78,0xa0,0x52,0x80,0xe3,0x16,0x4c,0xf4,
    0x54,0x58,0x40,0xee,0xc0,0x6b,0x15,0xfd,0xde,0xa1,0x38,0xc8,0xbf,0x08,0x57,0x25,
    0x13,0x78,0xac,0x44,0x2f,0x9e,0xa5,0xf6,0xaf,0x86,0x74,0x0c,0xc2,0x9f,0x4a,0x57,
    0xec,0xca,0x55,0x10,0xa6,0x04,0xab,0x12,0x11,0xdd,0xef,0xa4,0x47,0x19,0x35,0x93,
    0xf2,0x84,0xa9,0xa1,0xbe,0xdf,0x87,0x27,0xdd,0x5e,0x4e,0xe2,0xab,0xd4,0x45,0x01,
    0xc2,0x86,0xda,0x7c,0xce,0xdc,0x8b,0xfd,0xac,0x95,0xa9,0xe4,0xc2,0x79,0xf1,0x07,
    0xca,0xcb,0x51,0xd8,0xba,0x36,0x6f,0x93,0xf4,0x7a,0x79,0xb1,0x10,0x90,0x9a,0x3f,
    0x30,0x8d,0x2d,0x71,0xf3,0xe1,0xd4,0xec,0x21,0xbb,0x96,0xe7,0xbd,0x89,0x39,0x40,
    0xd5,0x70,0xac,0x73,0x7b,0xde,0xcd,0xb2,0xbd,0xb7,0xb1,0xe2,0x2a,0xe9,0x83,0x21,
    0x20,0x58,0x9e,0xc2,0xaf,0x9a,0xd5,0xdd,0x0e,0xf3,0x8f,0x30,0x4b,0x96,0x65,0x9d,
    0x99,0x13,0x75,0x7c,0x6f,0xaf,0x0e,0x9b,0xf4,0xa1,0xb7,0xf0,0x1b,0xc6,0x11,0x4b,
    0x0b,0x7e,0x09,0xe9,0x3e,0xdc,0xe6,0x02,0x21,0x5a,0x15,0x07,0xb3,0x53,0xab,0xee,
    0x79,0xc0,0xbd,0x1b,0xec,0x05,0x21,0x75,0xd3,0x5c,0x7c,0xe8,0xff,0xff,0xe3,0x7a,
    0xc4,0x45,0x85,0xdd,0x12,0x87,0x6e,0x78,0x93,0x3b,0x82,0xf1,0xf9,0x29,0x2d,0x73,
    0xb0,0xaa,0xa9,0x33,0xb0,0x4a,0xf3,0xdc,0xd2,0xdf,0x45,0x96,0x37,0x1c,0xca,0xcc,
    0x3b,0x8e,0xb9,0xfe,0x88,0x58,0x35,0xbb,0x4e,0x92,0xa0,0x5a,0x56,0x91,0x48,0x96,
    0x92,0x72,0x32,0xfa,0xa5,0x0e,0x02,0x86,0xe6,0x72,0x93,0x68,0x4d,0x29,0x83,0xed,
    0x1f,0x09,0xf3,0x9a,0x08,0xb6,0x1e,0x15,0x51,0x1b,0x34,0x1e,0x7c,0x1d,0xb8,0x88,
    0xcc,0x36,0xb2,0xb1,0xb7,0x30,0x77,0xed,0x01,0xdf,0x23,0x4f,0x63,0xbe,0xa1,0x38,
    0xd9,0xf2,0x68,0xe8,0xc7,0x37,0x4b,0x08,0xf1,0xbd,0xe8,0x62,0x27,0xdb,0x20,0xba,
    0x5c,0xba,0x8e,0x86,0x70,0x1f,0x68,0x8a,0x99,0x3f,0x0d,0x92,0x91,0x2c,0xa6,0x15,
    0x60,0xd1,0x1b,0x79,0x61,0xd4,0x03,0xb1,0x4f,0xc2,0xe7,0xbc,0x8e,0x67,0x4e,0x82,
    0x3e,0xb3,0xbb,0x57,0xb6,0xf1,0x28,0x77,0xd5,0xa8,0x61,0x10,0x2a,0xfb,0x49,0xc9,
    0x39,0x39,0xc6,0x92,0x1c,0xe8,0x6c,0xd0,0x80,0x05,0x76,0xeb,0x95,0x66,0x44,0x23,
    0xd7,0x83,0x18,0x9d,0xda,0x6d,0x9a,0x78,0x56,0xd3,0xc2,0x43,0x6c,0x6d,0xa0,0xd3,
    0xc2,0xa2,0x49,0xa8,0x85,0xc0,0x45,0xcf,0xaa,0x65,0x50,0xfc,0xf8,0x40,0xcb,0xa0,
    0x31,0x16,0x28,0xe6,0x4a,0xfa,0x86,0xa1,0x4d,0x36,0x7e,0xa4,0x13,0x76,0xbf,0x8c,
    0x44,0xb3,0xf0,0x8f,0xf1,0xfd,0x7d,0x89,0x62,0x0e,0x0d,0x35,0xd5,0xf3,0x75,0xc7,
    0x80,0x70,0x7f,0xb7,0xf7,0xce,0xc9,0x34,0x14,0xcb,0x60,0x7e,0x5a,0x92,0xda,0xa2,
    0x3d,0x7a,0xe8,0x95,0xf5,0x95,0xa8,0xee,0x78,0xb4,0xfa,0xf3,0x4c,0x63,0xb3,0xce,
    0xbc,0x10,0x3d,0xdb,0x7b,0x1c,0x37,0x5c,0x70,0x2b,0x82,0x47,0x33,0x41,0x3c,0x00,
    0xc6,0xb0,0x8f,0x9f,0x4c,0xbb,0xb8,0xb4,0xa5,0x61,0x26,0x6a,0xc8,0x5b,0x96,0x60,
    0xea,0x92,0x7b,0x87,0xf6,0x8e,0x1f,0x00,0x7f,0x25,0x0d,0xa6,0x46,0x79,0xce,0x11,
    0x94,0x8c,0xab,0x30,0x62,0x67,0xbe,0x95,0x52,0x92,0x11,0xa0,0xb0,0x65,0x79,0x25,
    0xc6,0x37,0x06,0x09,0x6e,0xb7,0x6b,0xc9,0x10,0x52,0x6f,0x9e,0x66,0xf3,0x41,0xd7,
    0xd4,0xbd,0x22,0x0a,0xe9,0xec,0xdb,0x1e,0xa0,0xc5,0x63,0x84,0x1e,0xd8,0x6e,0x8c,
    0x39,0x90,0x84,0xbd,0xa2,0x97,0xf7,0x7a,0xc4,0xd4,0x91,0x26,0x9d,0x2c,0x59,0xc5,
    0xb3,0x76,0x38,0x26,0x5e,0x90,0x81,0x49,0x9c,0x0a,0xec,0x20,0xb2,0xce,0x6b,0x1a,
    0xb2,0x7b,0x64,0xff,0xf9,0xab,0xf9,0x0c,0x90,0x2e,0xd6,0x0a,0x60,0xfe,0xac,0x22,
    0x95,0x37,0xa0,0x18,0xec,0x8d,0xfc,0x8d,0xf9,0xd2,0xd7,0x98,0x0d,0x34,0x22,0x7e,
    0x57,0x36,0x49,0xca,0xa2,0x75,0x11,0xf7,0x50,0x27,0xc8,0x27,0x93,0x3a,0x38,0x40,
    0x0c,0xcf,0xfc,0xd1,0x87,0x93,0x4b,0x22,0x72,0xb6,0x81,0xf6,0x03,0x9e,0xcf,0x36,
    0xe7,0xa5,0x38,0x98,0x0c,0x2d,0xb4,0xcd,0x8c,0x82,0xac,0xcf,0x9d,0x41,0xdd,0x94,
    0x34,0x87,0xd1,0x19,0x76,0xdd,0x07,0x83,0x52,0x46,0x89,0xbb,0x04,0x3b,0xe0,0xdc,
    0xc7,0x97,0xc2,0x96,0xe3,0xed,0xab,0xe4,0x04,0x17,0x4c,0xb8,0xb6,0x83,0x95,0x5b,
    0x9d,0xa4,0xc7,0xb5,0x31,0xdd,0xfb,0x68,0xc9,0x1e,0x2f,0x66,0xf8,0xda,0xe0,0xb1,
    0x54,0x3d,0x25,0x53,0xb1,0x81,0xde,0x4d,0x3e,0xa2,0x1e,0xf6,0x9c,0x71,0x72,0x31,
    0x15,0x08,0x4c,0x4d,0x85,0xfd,0x9a,0x79,0x8a,0xdf,0x82,0x24,0xe6,0x33,0x6b,0x35,
    0xf2,0x5a,0x80,0x70,0xeb,0xc1,0x63,0x88,0x90,0xa2,0x8f,0xe2,0xbf,0x90,0xfb,0xd9,
    0xc7,0x94,0x1a,0xb3,0xf1,0x20,0x52,0x93,0xa1,0x06,0xc3,0x98,0xf7,0xa0,0x91,0x34,
    0x31,0x74,0x94,0x5b,0x05,0x46,0x2f,0x96,0x69,0x19,0x49,0xb4,0x21,0x93,0x63,0x35,
    0x1b,0xd3,0xa1,0x9c,0xc1,0xb5,0x4e,0x4d,0x97,0x43,0x51,0x48,0x56,0x7c,0x09,0x56,
    0x8f,0x87,0x2b,0xab,0x61,0x87,0xaf,0xb6,0x01,0xd3,0x4f,0x71,0x9c,0xbe,0x4f,0xc3,
    0x79,0x29,0xb8,0x3f,0xdc,0x24,0x36,0xc8,0x1e,0xf5,0x2b,0x4e,0xe8,0x4d,0x2e,0x07,
    0x3f,0xc4,0xd7,0x03,0x34,0xbf,0x04,0x73,0x34,0xfd,0x52,0x06,0x28,0xea,0x74,0xed,
    0x10,0xb7,0xa1,0x67,0x51,0x0e,0x2e,0x51,0x64,0xd2,0xc4,0xf6,0xab,0xe5,0x1b,0x8f,
    0xf5,0x09,0x1b,0xb3,0xd8,0x44,0xb6,0xf9,0xfe,0x28,0xa8,0xc7,0xfa,0x7b,0x9b,0xdf,
    0xcb,0x39,0x87,0xa4,0x21,0xe8,0xf6,0xf5,0x85,0x7c,0xb2,0x3b,0x91,0xd0,0xf4,0xfb,
    0xa8,0x49,0xc1,0x19,0x66,0xf4,0xca,0xe2,0x1e,0xf6,0x2b,0x94,0xd3,0xfc,0x98,0x46,
    0x4b,0x4e,0x06,0xe8,0x56,0x53,0x66,0x6c,0x9d,0x87,0x66,0x51,0x58,0xb2,0x94,0x0f,
    0x60,0x7d,0x11,0x6e,0x0c,0x34,0xf7,0x41,0x3a,0x6a,0xda,0xfb,0x53,0x72,0x00,0xf0,
    0x45,0x0c,0xab,0x66,0x0b,0x05,0xa8,0x03,0xae,0xb4,0xc4,0x8c,0xd7,0x01,0x6f,0x8f,
    0xeb,0x3a,0x81,0x96,0x75,0x96,0xc9,0x4b,0x34,0x01,0x01,0x78,0x80,0xa7,0x32,0x2f,
    0xf4,0x75,0x4d,0x72,0xe1,0x6b,0x0f,0x27,0x2c,0x3d,0xeb,0xba,0x45,0xe3,0x10,0xc7,
    0x40,0x4b,0x75,0x62,0x00,0xe8,0xbb,0x2c,0x58,0x85,0xba,0x7f,0x3f,0x9f,0xa8,0x73,
    0x60,0xbd,0x8b,0x63,0x18,0x2c,0xbd,0xf1,0xf8,0x5b,0x50,0x6c,0xc1,0x3d,0xbe,0xbe,
    0xef,0x43,0x3a,0x0b,0x49,0xcf,0xd0,0x1a,0x26,0x78,0xfc,0x27,0x16,0xbc,0xe9,0x90,
    0xb9,0x4d,0x0b,0x75,0xd3,0xad,0x58,0x69,0x4e,0x31,0xd5,0xca,0x5b,0xc4,0xbb,0xb7,
    0xa1,0x10,0x33,0xc3,0x46,0xa2,0x7f,0x5b,0x66,0x80,0xc2,0x22,0x7e,0xed,0x6a,0x42,
    0x24,0xdb,0x48,0x8f,0x6e,0x89,0x65,0xbd,0x7b,0x5f,0x5f,0xba,0x7c,0x8e,0x6b,0x1b,
    0xe2,0x7b,0x95,0xaf,0xc7,0x98,0x56,0xfd,0x62,0x65,0x63,0xa8,0x83,0xb8,0x49,0x6f,
    0x81,0x72,0xdc,0x01,0xfe,0xb5,0x02,0x9e,0x76,0x8c,0x15,0xdc,0x93,0x20,0x99,0xa8,
    0xa5,0x4f,0x51,0xf1,0x76,0x45,0x61,0xf1,0x19,0x87,0xf0,0x0d,0x30,0x01,0xe5,0xb5,
    0xd1,0xc9,0x88,0x68,0xcd,0x0e,0x4a,0xb4,0x3e,0x34,0x4e,0xf2,0x3a,0x91,0x55,0x59,
    0x70,0x39,0x7b,0xef,0x66,0x19,0x45,0x8f,0x16,0x65,0xd0,0x68,0x8a,0x68,0x0f,0xe3,
    0x3d,0xa7,0x26,0xd8,0x2b,0x5a,0xd8,0x8f,0x17,0xf6,0xc0,0x14,0x11,0x9e,0xca,0x8f,
    0xd8,0x76,0x84,0xaa,0x37,0x03,0xdc,0x89,0xd7,0x2d,0x5a,0xc3,0x90,0x57,0xba,0x51,
    0x02,0x59,0x1d,0xae,0xe5,0xfd,0x76,0xce,0x73,0xb0,0x7d,0xcf,0xaf,0x76,0x45,0x12,
    0x40,0xc1,0x50,0x1c,0x6f,0x15,0x6c,0x8f,0xb3,0xa2,0x94,0x68,0x56,0xa8,0x6c,0x5a,
    0x1f,0x41,0x1c,0x05,0xe6,0xfe,0xcf,0x42,0xf8,0xed,0x58,0x7a,0xbf,0x1c,0x02,0xea,
    0x74,0xbe,0xe8,0xf5,0x4f,0x03,0x4a,0x70,0x69,0xda,0xee,0xff,0x99,0x4a,0x92,0x9a,
    0x2e,0x4e,0xad,0x0f,0xf3,0x04,0x29,0x38,0xbf,0xce,0x0f,0x5e,0xe9,0xb9,0x55,0x38,
    0x0e,0x5b,0x0a,0x71,0x0d,0xa8,0xd9,0x91,0x78,0x1c,0x81,0xb9,0xeb,0x82,0xb5,0x29,
    0x9e,0xb6,0x72,0xf3,0xaf,0x65,0x71,0xbb,0xe4,0xdc,0xb8,0xf3,0x01,0xf4,0xff,0x4f,
    0xe3,0x2b,0x2a,0x49,0xd8,0x7d,0x3d,0x29,0x3e,0x9c,0x87,0xfc,0xa3,0xa8,0x30,0x62,
    0x58,0x5c,0xf2,0xf8,0xc0,0x23,0xa9,0xd3,0xbc,0x62,0xf6,0x7e,0x70,0x46,0xac,0xa0,
    0x81,0x76,0x8b,0xdb,0xd8,0xd0,0x61,0x7a,0x81,0x37,0x4b,0x73,0xc8,0x53,0x5e,0x98,
    0x3c,0xfd,0x90,0x28,0x63,0x06,0xe8,0xa1,0xf4,0x04,0x71,0x62,0xaf,0x08,0xf8,0xa6,
    0x3e,0x21,0x81,0xe0,0x80,0x88,0x0f,0xa3,0x79,0x2d,0x56,0x99,0x7e,0x5a,0x99,0xcb,
    0x1b,0x8a,0xe9,0x7d,0x0c,0xf5,0x5c,0x95,0x79,0xb5,0x08,0x3d,0x61,0x61,0xaf,0xc0,
    0xcb,0xed,0x23,0x6b,0xc1,0xb0,0x7f,0x4f,0x32,0xb3,0x8c,0x4a,0x6e,0xc0,0xfe,0xe6,
    0xb9,0x83,0xc9,0xfa,0xc4,0xaa,0x21,0xbb,0x0e,0x62,0x76,0xbb,0x5b,0xdd,0x8c,0xfb,
    0x6a,0x60,0x18,0x0a,0x37,0x21,0x98,0x42,0x9b,0x61,0xf5,0xbf,0x11,0x97,0x18,0x95,
    0xc2,0xb2,0xec,0x9a,0x96,0x13,0xd4,0x7c,0xf0,0x83,0x2b,0xec,0x38,0x14,0xae,0x6a,
    0xba,0xef,0xda,0xf7,0xda,0xed,0xf3,0xab,0x4f,0x4b,0xc6,0xf5,0x34,0xa8,0xaa,0x6b,
    0x07,0x7a,0x31,0x4e,0x28,0xe6,0x6f,0xfd,0xd2,0xff,0xba,0xfc,0x44,0x1c,0xa8,0x7f,
    0x0f,0x93,0xba,0x8c,0x56,0x5d,0x9b,0x45,0xc9,0xaa,0x19,0x45,0xcd,0x0c,0xea,0xb2,
    0x37,0xb9,0x80,0x86,0x2c,0x0a,0x35,0xd9,0x60,0xbf,0xb8,0x3b,0x42,0xd0,0x94,0x2c,
    0x70,0x5f,0xfe,0x7e,0x94,0x19,0xec,0x84,0x44,0x13,0x92,0x4c,0x14,0xb1,0xcb,0x66,
    0x84,0x9a,0xce,0xe2,0xaf,0x55,0xe7,0x0f,0x98,0xd0,0x11,0x00,0xd5,0xf7,0x0f,0xba,
    0xdc,0xd1,0x8e,0xcb,0xda,0x5c,0x85,0xed,0xcd,0x27,0x56,0x52,0x2c,0xbe,0x47,0x54,
    0x79,0x72,0x4d,0x07,0xdc,0x75,0x86,0x36,0x23,0x6f,0xef,0x70,0xc3,0x60,0x48,0x35,
    0x51,0x05,0xd3,0x6c,0x62,0xca,0x2a,0xbd,0x60,0x0f,0x96,0xe2,0xbd,0x9c,0x62,0xc2,
    0xce,0xc7,0xbb,0x10,0xf2,0xd7,0x87,0x8f,0x23,0x9e,0x4c,0x90,0x45,0x82,0xee,0x14,
    0x49,0x30,0x76,0x78,0x68,0x37,0x5c,0xf4,0xde,0xbf,0x36,0x9b,0x82,0xa5,0x42,0xd7,
    0x8b,0x76,0xd9,0x5d,0x44,0xce,0xc9,0xf4,0x23,0x3d,0xe3,0xe2,0xee,0x73,0xbd,0x1c,
    0xc8,0x19,0x9c,0x83,0x26,0x81,0x08,0x4a,0x00,0xd5,0x8c,0x31,0x93,0x6e,0x91,0x87,
    0x1e,0x47,0xdb,0x43,0xb8,0x1f,0xf8,0xee,0x04,0x93,0xfc,0x36,0x03,0xf7,0x6d,0xf9,
    0x1b,0x1f,0xd8,0x05,0xf0,0x5c,0x2c,0xfa,0x9a,0x4e,0xeb,0x8f,0x71,0xa7,0x9d,0x2e,
    0x88,0x5b,0x63,0x47,0x97,0x2d,0x32,0xb4,0xe3,0x75,0x70,0x2f,0x10,0x44,0x9d,0xb3,
    0x96,0xf6,0x5b,0x8e,0xa5,0x7f,0xd8,0xc1,0x36,0x55,0x66,0x06,0x44,0x29,0xe7,0x94,
    0xba,0xb0,0x09,0x67,0xe2,0xdc,0xbc,0x15,0xe4,0x37,0x0d,0x2e,0xbd,0x87,0xb5,0xc1,
    0x76,0x7b,0x4e,0x72,0x18,0x16,0xf3,0x8d,0x44,0x43,0x76,0xb8,0xdf,0x47,0x69,0x17,
    0x46,0xa8,0xc1,0xf8,0xf8,0x5f,0xaf,0x04,0xcb,0xb2,0x9e,0x41,0x8a,0x2e,0xd6,0x0e,
    0x7e,0xcd,0x99,0x95,0x2f,0xf7,0x03,0xb6,0x47,0x92,0x80,0xfd,0x64,0x23,0xaa,0x53,
    0x3d,0xfe,0x2a,0x19,0x25,0xb0,0xdd,0x76,0x87,0x08,0x43,0xe9,0x90,0xd6,0xd3,0x84,
    0xfa,0xc3,0x0f,0x3f,0x26,0xac,0x9d,0x75,0x24,0xe3,0xa5,0x01,0xa1,0x0b,0xc5,0x6e,
    0x4a,0xb3,0xa4,0x2f,0x72,0x46,0x44,0xf7,0xfe,0xd1,0x70,0x33,0x17,0x1e,0xb8,0xf7,
    0xaf,0xb3,0xae,0x32,0xa9,0x7f,0x79,0x21,0x2e,0x51,0xc4,0x17,0x2a,0xa5,0xfd,0x69,
    0x46,0xd3,0x8c,0x95,0x8a,0x89,0xf1,0x35,0x88,0x75,0x06,0x27,0xb8,0x51,0x76,0xc8,
    0xe9,0xd3,0xfc,0xd3,0x67,0x83,0x0d,0x3f,0x05,0x88,0x8d,0x50,0xca,0x54,0x24,0xe0,
    0x34,0x79,0x52,0xbb,0xb2,0x02,0x68,0xd6,0x95,0x6b,0x81,0x4a,0x9f,0x85,0x4d,0x19,
    0x8a,0x27,0x6c,0xbb,0xdf,0x7c,0x45,0xe5,0xdc,0xaf,0x5b,0x3b,0xc0,0xe5,0x50,0x85,
    0xd1,0xad,0x5b,0x94,0xc5,0xe6,0x80,0x20,0xde,0xcd,0x61,0xdf,0x56,0x28,0x04,0xc1,
    0x83,0xbe,0x89,0x1c,0x40,0x07,0xbb,0x9b,0xba,0xb7,0xc1,0x6a,0xe2,0xba,0x22,0xde,
    0x64,0x34,0xed,0xc1,0x49,0x69,0x3a,0x16,0x05,0xe4,0xc8,0x0e,0xa2,0xb2,0xa3,0xd9,
    0x61,0xd1,0x10,0x0e,0x1c,0x72,0xe6,0x83,0x4e,0x09,0x04,0xc0,0xf6,0x0d,0xf7,0x05,
    0xa4,0x56,0xde,0xee,0x1c,0x2f,0x14,0x5b,0xc2,0xcc,0x5f,0x77,0x98,0x5b,0x54,0x23,
    0x96,0xf5,0x8d,0x62,0x74,0xf7,0xde,0x1d,0xbb,0xc6,0xd2,0x2a,0x15,0xff,0x36,0x76,
    0xcc,0x20,0x0e,0xe5,0x05,0xee,0xe3,0x7c,0x4d,0x97,0x71,0x97,0xca,0xe9,0x20,0x59,
    0x94,0x07,0x3f,0x2e,0xcc,0x16,0xe9,0x49,0xa8,0xc7,0xe3,0x50,0xb7,0x89,0x24,0xf2,
    0xcd,0xd9,0x74,0x1c,0x60,0x22,0x09,0x2d,0x34,0x6e,0x4e,0x21,0xa2,0x5d,0x6a,0x73,
    0x93,0xa0,0xde,0xc7,0x29,0x44,0x39,0x99,0xc5,0x9b,0x7e,0x15,0x36,0xdc,0x8f,0xf1,
    0x9c,0x19,0x5f,0xd4,0x1c,0xde,0x43,0x1f,0x09,0x71,0x07,0xae,0x57,0x96,0x7a,0x85,
    0x47,0x42,0x04,0x28,0xdd,0x82,0x64,0x7e,0xef,0x60,0xae,0x6a,0x9c,0x68,0xf0,0x37,
    0xd2,0x3d,0x98,0xd0,0xaf,0x04,0x9a,0xbf,0x92,0x56,0xe1,0x48,0x43,0xae,0xda,0x90,
    0xea,0x72,0x19,0x1a,0x0b,0x39,0xa6,0x87,0x28,0x03,0x12,0xa1,0xc6,0x4e,0xdb,0x75,
    0x12,0xac,0x08,0x9c,0x10,0xda,0x7c,0xb1,0xf0,0x9f,0xbb,0x0c,0x8e,0xc3,0xff,0xf4,
    0xb8,0x87,0x52,0x1f,0x02,0x65,0x18,0x5a,0x58,0x0b,0x27,0x33,0xc4,0x1c,0xa6,0x4f,
    0xb6,0x89,0xa2,0x1b,0x9d,0x50,0x11,0xe0,0xd4,0x51,0x50,0xfd,0xfc,0x11,0x5c,0x58,
    0x18,0x93,0x8c,0xe5,0xe2,0x95,0xc4,0x7d,0x24,0x52,0xe8,0x26,0x88,0xdd,0xef,0x34,
    0xf1,0xdd,0xbf,0x62,0xe1,0x6f,0x04,0x34,0x63,0x73,0x8f,0x90,0xad,0x9f,0xfb,0x6a,
    0xdd,0x41,0xb9,0x41,0x71,0xff,0xc0,0x3d,0x95,0xaf,0xeb,0x71,0xf3,0x3c,0xd6,0x0c,
    0x34,0xab,0x59,0xff,0x2e,0xfc,0xf5,0xae,0xd0,0x8a,0xf9,0x2d,0x41,0x73,0x2a,0xde,
    0xb3,0xb7,0xe3,0x2d,0x91,0xe4,0x7f,0xf4,0xe3,0x81,0xd3,0x93,0x13,0x09,0x48,0x66,
    0x56,0x23,0xa8,0xf7,0x6b,0xfd,0xfe,0x4b,0xa5,0x53,0xac,0x67,0x02,0xaf,0xe0,0x3a,
    0x89,0xe5,0xa4,0x80,0x8b,0x39,0x4a,0xcb,0xc8,0xf2,0x2a,0xf5,0xe5,0xe3,0x09,0x3f,
    0x45,0x68,0x56,0xfb,0x2a,0xd5,0xeb,0x65,0x34,0xc2,0x9c,0xec,0xd6,0x00,0x2a,0x1f,
    0x7d,0x86,0x78,0xeb,0xdc,0x68,0xff,0xb8,0xf2,0xb9,0x98,0x3f,0x3e,0xdd,0x29,0x07,
    0x43,0x80,0x05,0xd9,0x34,0xfc,0x99,0xc8,0xdf,0x2c,0x26,0x18,0x76,0x0b,0x2a,0x5c,
    0x90,0xcd,0xaf,0x21,0x1f,0x4a,0x6e,0xae,0xbd,0x0d,0xfa,0xe1,0x41,0x2a,0x96,0xa6,
    0x9f,0x6b,0x56,0xb8,0xc8,0x90,0x8b,0xb7,0x54,0x86,0x54,0xae,0x39,0x3b,0x06,0xdd,
    0x2c,0x42,0xe2,0xc5,0x96,0x8f,0x31,0x64,0x32,0x27,0x48,0x34,0xa5,0x34,0x4d,0xb6,
    0x80,0x56,0x19,0xc4,0xb5,0xf9,0x94,0x1d,0x8c,0x83,0x72,0x77,0x58,0xac,0xd4,0x06,
    0xa3,0x90,0xfd,0x6c,0xdc,0xcc,0x06,0xc1,0x68,0xb3,0x8f,0x6f,0xe3,0xde,0x34,0x75,
    0x40,0x5a,0x86,0xe0,0x1c,0x21,0x84,0xb2,0xf3,0xf4,0xed,0x14,0x8a,0xc4,0x79,0xea,
    0xd4,0x3a,0x36,0xab,0x06,0x68,0x94,0xbf,0x42,0x54,0xf3,0xf2,0x86,0x92,0xf6,0xee,
    0x17,0x0e,0x6b,0xcc,0x80,0x47,0x97,0x74,0x60,0xe3,0xd9,0x8b,0x9e,0x8f,0x52,0x64,
    0x36,0xc2,0xa3,0x9e,0x5d,0xf3,0xea,0x8f,0xb2,0xbc,0x5b,0x65,0xa8,0x56,0x35,0xb7,
    0x5a,0xd2,0xaf,0x6e,0xb3,0x9d,0xb3,0xff,0x73,0x9b,0xbf,0xfc,0xd0,0xa0,0x89,0x5b,
    0x1f,0x3f,0x95,0x62,0x45,0x0f,0xa7,0x68,0x25,0x15,0xcb,0xa5,0x13,0x29,0x2e,0xed,
    0x3a,0xb8,0xdf,0xdb,0x95,0x9e,0x6a,0x71,0xe8,0x02,0x3d,0x60,0x77,0xd7,0x39,0x8f,
    0xd4,0xef,0xf7,0x10,0xd4,0x95,0x11,0x16,0x1b,0xeb,0xa3,0xd6,0x3d,0xaa,0x03,0xf0,
    0x68,0x71,0x23,0x35,0x2b,0x60,0x76,0x0b,0x4e,0x7a,0x53,0x57,0x77,0x30,0x8b,0xc5,
    0x4f,0xe3,0x74,0x51,0xbf,0xf8,0x35,0xb6,0xf0,0x67,0xa4,0xbf,0x7b,0x8b,0x66,0x88,
    0xaa,0x17,0xcf,0x29,0x9f,0x48,0x3c,0x3d,0x40,0x04,0x4a,0x2a,0x76,0x12,0x95,0x5a,
    0xef,0x06,0x72,0xfc,0x57,0xab,0x7b,0x60,0xee,0x40,0x96,0xa5,0xf0,0x11,0x7c,0x46,
    0x2a,0xb9,0x13,0xf1,0x35,0x8d,0x44,0xc8,0x0e,0x0e,0x5b,0x31,0x6d,0x39,0x51,0x13,
    0x0e,0x4a,0x8f,0x96,0x3f,0xc9,0xdb,0x0d,0xb5,0x8f,0xc9,0xdd,0xa6,0xbe,0x34,0xad,
    0x77,0x7f,0x7b,0x28,0xe9,0x0f,0x1b,0xbf,0x0e,0x46,0xc0,0x94,0x5a,0xaf,0x24,0xa3,
    0x6b,0xdd,0x64,0xd5,0x82,0x09,0xb3,0x62,0xf4,0x3c,0xe8,0x7b,0xcd,0xde,0x1a,0x2a,
    0xb8,0x38,0xda,0x5a,0x4a,0x95,0x85,0x94,0xdc,0xd5,0x12,0xd9,0x1a,0xb1,0x3e,0x0f,
    0x5f,0x01,0x53,0x36,0xfe,0xcc,0x4b,0xdb,0x2b,0xac,0x40,0xd7,0xf7,0xcc,0x53,0x87,
    0x00,0x53,0x26,0x02,0x54,0xaf,0x04,0x42,0xdb,0x32,0x11,0x52,0xdf,0x4e,0xe3,0xdb,
    0x7d,0x70,0x13,0x74,0x42,0x86,0xfa,0x8b,0x7f,0xe1,0x58,0xdf,0xc6,0xd5,0x15,0x31,
    0x70,0xec,0xb9,0xa0,0x05,0xf5,0xd7,0x6f,0xe0,0x79,0xc6,0x8d,0xfd,0xc7,0xbc,0xf5,
    0x05,0xfe,0x64,0x01,0x14,0x0d,0x25,0x9d,0x7a,0x50,0x0d,0x8f,0x66,0x37,0xbf,0x4e,
    0xef,0xae,0xb5,0x1d,0xbb,0x3d,0x5a,0x2a,0xf3,0x28,0xa0,0xc4,0xf3,0x2f,0xaf,0x19,
    0x9f,0x98,0x45,0x77,0x84,0x18,0xd8,0xfa,0x5e,0xa1,0x04,0xa4,0xce,0x38,0x06,0x19,
    0xd7,0x27,0xe4,0xb2,0x60,0x8f,0x38,0x1a,0x2b,0x29,0x81,0xb3,0x74,0xca,0x8c,0xa0,
    0xa6,0x3b,0x58,0x2b,0xca,0x23,0xd8,0x0b,0x4a,0x5c,0x2a,0xc8,0x83,0x91,0xff,0x13,
    0x66,0x22,0x74,0x36,0x10,0x55,0xfb,0x7d,0xb6,0x20,0xe3,0x81,0x7c,0x4c,0x2d,0x9d,
    0x0b,0x29,0x95,0x0e,0x02,0x8c,0x86,0xcf,0x44,0x67,0x03,0x0d,0xf6,0x39,0xb3,0x53,
    0xb2,0xde,0xe5,0x68,0xd1,0xc3,0x77,0x0f,0x3e,0x3d,0xe1,0x00,0xf7,0x5c,0xda,0x2d,
    0x54,0x00,0x39,0x84,0xe7,0x7f,0xe5,0x13,0x9b,0x82,0x74,0xfd,0x92,0x0a,0x8e,0x18,
    0xf0,0x8b,0xf8,0x98,0xca,0x11,0x6d,0xf1,0x0b,0x6c,0x28,0xec,0x5b,0xdf,0x1a,0x19,
    0xe7,0x55,0x48,0x72,0x87,0xec,0x82,0xe2,0x8c,0xe1,0xd2,0x6e,0xd3,0xe8,0x27,0xa5,
    0x16,0x2e,0x45,0xf5,0xdd,0x58,0xdb,0xbd,0x03,0xc3,0xd9,0x10,0xb4,0x77,0x55,0x82,
    0x7b,0xe5,0x66,0x12,0x5b,0x2f,0x64,0xab,0xd7,0x38,0xa9,0x6a,0x22,0x58,0x37,0xe8,
    0x2b,0xb0,0x0c,0xbc,0x40,0x44,0x3f,0x05,0xb4,0xbb,0x41,0x1a,0x7c,0xb5,0x6a,0xe1,
    0xa7,0xd7,0x85,0x28,0x01,0xb1,0x35,0x74,0x29,0x08,0xf1,0x21,0xdf,0x9d,0x3c,0x17,
    0x39,0x9d,0x12,0x3e,0xec,0x29,0x84,0x10,0xb9,0x15,0x6c,0xe4,0x2c,0xad,0xd3,0x8e,
    0xa4,0x4b,0xbe,0x6a,0x54,0x9e,0x16,0x12,0x94,0xd1,0xaa,0x8c,0xa1,0x62,0x54,0xfa,
    0x5e,0x43,0xb1,0x74,0x70,0xa6,0xd8,0xa6,0xf0,0xf8,0xb3,0x07,0xc9,0xa1,0x7d,0x23,
    0x8a,0x81,0x51,0xf8,0xfd,0xe7,0xca,0x99,0xaa,0x43,0x4d,0xa4,0xca,0x96,0x50,0xe4,
    0xe3,0x16,0xfc,0xfb,0xc5,0xae,0xb9,0x66,0x48,0xe2,0x65,0x62,0xc1,0xb6,0x92,0xa6,
    0x04,0x87,0x17,0xc3,0xed,0xa5,0x19,0x2d,0xdf,0xc3,0xa0,0xa5,0xe9,0xa9,0x64,0x04,
    0x53,0x3a,0xd2,0x38,0x52,0x0f,0x8d,0x23,0xde,0xb7,0x06,0x30,0xaf,0x07,0xaa,0x2d,
    0x66,0x30,0x3f,0x33,0x15,0xb7,0xf6,0x1e,0xd9,0xcb,0xce,0x92,0x43,0x99,0x77,0xbf,
    0x62,0x15,0x99,0xe0,0xb2,0xb0,0x11,0xa8,0xc2,0x75,0x42,0x07,0xd9,0x17,0x31,0x39,
    0xc3,0xed,0x3a,0xb2,0x57,0x91,0xa6,0xfe,0x99,0x58,0xfb,0x88,0x2a,0xe9,0x88,0x97,
    0x06,0xb8,0xac,0x91,0x6e,0x62,0x63,0x7c,0xf8,0x48,0x44,0x07,0xde,0x8d,0xd0,0x56,
    0xfd,0x69,0xb6,0x76,0x92,0x1f,0xd0,0xf8,0x31,0xa6,0x17,0xea,0x29,0x92,0xe6,0x42,
    0xee,0x56,0xf8,0xe7,0x50,0xb3,0x4a,0x3f,0x80,0xb2,0x0b,0x5d,0x0a,0xe2,0x5a,0xb6,
    0x23,0x3c,0x92,0x4e,0xf1,0xcb,0xfe,0x62,0xee,0x66,0x47,0x92,0x64,0x2b,0x3c,0x57,
    0xaf,0x84,0x0e,0x64,0x90,0x3f,0x57,0xa1,0x20,0x1d,0x0e,0x6a,0x74,0xa2,0xf6,0x77,
    0xa3,0x22,0xd1,0xb6,0xde,0x77,0xad,0x3f,0xdc,0xdf,0x21,0x9f,0xd2,0x11,0xec,0x79,
    0xc7,0xba,0xe1,0xdd,0x05,0xdc,0x13,0x57,0x58,0x4e,0x42,0x1e,0x79,0xd1,0xa3,0xe4,
    0x25,0xc0,0x3f,0xd2,0x75,0x43,0x60,0x2e,0x87,0xb9,0xf6,0x14,0x7a,0x76,0xdc,0x6e,
    0x8e,0x3c,0x22,0x51,0x2b,0x93,0xe0,0x24,0xb4,0x8c,0x3e,0x42,0x41,0x2e,0x2d,0xde,
    0x52,0xfe,0x7c,0xde,0x11,0x1a,0x6c,0x11,0x9e,0x58,0x40,0x85,0x70,0xb4,0xb6,0xe2,
    0xc1,0xc9,0x89,0xde,0x54,0xb8,0xc8,0x66,0x4e,0xe6,0xd3,0x11,0x47,0x87,0x41,0x57,
    0x96,0xf3,0xe4,0x33,0x79,0x73,0x8b,0x0e,0x01,0x40,0x8d,0x07,0xac,0x6c,0x12,0x7f,
    0x96,0x64,0x33,0x8d,0xa7,0x9e,0x5a,0x3d,0x97,0x3a,0xbc,0x27,0x1a,0x1b,0x4e,0x27,
    0x3a,0x62,0x1b,0xb8,0xb4,0x32,0xf6,0xfd,0xd8,0xa6,0x99,0x7a,0x60,0x22,0xfc,0xdb,
    0x3c,0xa0,0x97,0x3c,0x7f,0x94,0xe8,0x75,0x1e,0xbb,0xa7,0x13,0x6a,0x1d,0xbc,0x46,
    0xd7,0x1a,0x9b,0x7f,0xd5,0xfc,0x53,0x36,0xb7,0x2a,0x5c,0x36,0xb9,0x7e,0x66,0x47,
    0x9b,0x89,0x78,0x84,0x9b,0x4c,0x48,0xa9,0x00,0x03,0xe5,0xe5,0x9a,0xd2,0x6e,0x24,
    0xef,0x47,0xea,0x0e,0x8d,0x23,0x36,0x5a,0x7f,0xf4,0x18,0xc5,0xfb,0x20,0x8b,0x46,
    0xc9,0xba,0x31,0xc8,0x49,0x8c,0x02,0x69,0x21,0x95,0xfc,0x99,0x4a,0x9b,0xce,0xe6,
    0x9f,0xab,0x08,0x39,0x68,0x11,0x13,0x7a,0x1b,0x0d,0x05,0x2d,0x2a,0x52,0xd6,0x31,
    0x81,0x93,0xc6,0xe9,0x43,0x86,0x82,0xba,0xbf,0x30,0x49,0xe4,0xcf,0xc9,0x82,0x1b,
    0xb7,0x58,0x73,0x94,0x39,0x34,0xd7,0xb5,0x8e,0x5b,0x3b,0x28,0xb8,0xac,0x91,0x8a,
    0xd8,0xd1,0xcc,0x39,0xdb,0xbd,0x90,0x82,0xfa,0x3b,0x24,0x95,0x06,0x5a,0x7f,0xe3,
    0x98,0x83,0x64,0x3d,0xd9,0xdf,0xdc,0x05,0xb9,0x85,0x16,0x97,0xcc,0x94,0x85,0x5b,
    0xd5,0x78,0x0e,0x04,0xb8,0x8c,0x8f,0x2a,0x68,0x06,0xc3,0xa6,0x2d,0x00,0x0f,0x1c,
    0x19,0xcd,0xa2,0xe8,0x96,0xaf,0x19,0x2c,0x00,0xf3,0xe9,0x73,0x92,0x9a,0xc5,0x35,
    0x92,0xc2,0x04,0xa7,0x31,0x6e,0x22,0x57,0x23,0xb5,0x4a,0xa9,0x2a,0x0a,0x89,0x83,
    0x94,0x7c,0x5e,0x46,0xd7,0x9b,0xf9,0xb9,0xdf,0x25,0x03,0xff,0x1d,0x4f,0x58,0xaf,
    0x8d,0x1d,0x90,0x45,0x0a,0x4b,0x3f,0xab,0x06,0x75,0x33,0x6c,0xd0,0x38,0xf7,0x26,
    0xa5,0x2a,0x40,0x4d,0xe5,0x7e,0x61,0x06,0x8b,0xf6,0xd9,0xfd,0x3e,0x1e,0x26,0xd9,
    0xfc,0x59,0x0a,0x3d,0x14,0x4f,0x4c,0x90,0xb8,0xd5,0xaa,0x68,0x06,0x9d,0xe4,0xaf,
    0x92,0x95,0x13,0x42,0xc7,0xcd,0xb8,0x3a,0xc2,0x9c,0x0e,0xbe,0xf0,0x2a,0xd3,0x97,
    0xeb,0x33,0x54,0xe4,0xb6,0x9a,0xd4,0xbd,0x02,0x2b,0x1d,0x4c,0x58,0xbd,0xb9,0x98,
    0x76,0xb3,0x91,0x31,0x30,0x6d,0x5a,0xf1,0x2e,0xb1,0x46,0x44,0xcd,0x1d,0xd3,0xf5,
    0x90,0xe4,0x1b,0xc2,0x9c,0xe6,0xd1,0x22,0x4c,0x6b,0x5c,0x7e,0x0c,0x79,0x74,0x07,
    0x0d,0x37,0x2f,0x16,0xa6,0xaa,0xf7,0x43,0x90,0xd6,0xbd,0x8a,0x77,0x18,0x3e,0xb5,
    0xbc,0x28,0xbf,0x9d,0x84,0x7d,0xd7,0x5f,0x26,0xc0,0x71,0x43,0x15,0xcb,0x58,0x29,
    0x3d,0x4f,0xd9,0xe8,0xa9,0x2a,0xfa,0x90,0x00,0x88,0x32,0x1e,0x0c,0x71,0xa4,0xb8,
    0x8e,0xdf,0xe9,0x3b,0xe4,0x18,0x2e,0x9d,0x48,0x08,0x9e,0xee,0x5a,0x09,0xa7,0x2a,
    0xbd,0x42,0x0b,0x6d,0x30,0x70,0xee,0x94,0x7d,0xd8,0x80,0x82,0xc9,0xdd,0xd8,0xf6,
    0x40,0x1b,0x67,0xfb,0x03,0x37,0xc8,0x8a,0x94,0x05,0x8b,0xee,0x28,0x72,0x43,0x33,
    0x8f,0xa4,0x9c,0xe1,0xa8,0xe3,0xd7,0x95,0x6d,0x92,0x51,0x42,0xe0,0xa1,0xc2,0x7e,
    0xde,0x01,0xde,0xb2,0x45,0x32,0x35,0xbc,0x2c,0x02,0xde,0xfb,0x80,0xaf,0x50,0x63,
    0x4b,0x21,0xfd,0x06,0x41,0x2a,0xb0,0x5d,0x1d,0xe0,0x35,0xca,0xb9,0x94,0x3e,0xe0,
    0x1a,0x79,0x0d,0x7c,0x92,0xda,0x8c,0x69,0x23,0x36,0x21,0x70,0xae,0x4a,0xf9,0xc4,
    0x79,0xd2,0xa2,0xb3,0x3f,0x3f,0x10,0x53,0x88,0x52,0xb4,0x9c,0x34,0x68,0xc5,0x5d,
    0xad,0xfe,0xed,0xe2,0xca,0xa9,0x02,0xb6,0xd7,0x9c,0x1d,0x36,0xca,0x46,0x71,0x3d,
    0x8f,0x55,0x21,0xba,0xda,0xb1,0xab,0x55,0xcc,0x23,0x08,0xea,0x71,0xcd,0x53,0x9a,
    0xc8,0x92,0x1d,0xe0,0x53,0x04,0x6e,0x09,0x04,0x38,0xa5,0x00,0xad,0xa6,0x8b,0xd6,
    0x95,0x00,0x4c,0xea,0x91,0xa3,0x11,0x9a,0x3c,0xc0,0xdf,0x14,0x1a,0x3d,0x8f,0x14,
    0x7e,0x3c,0xd8,0x22,0x7e,0x4d,0x45,0x37,0xd7,0x04,0x37,0xe3,0x2d,0x6d,0xb0,0x5b,
    0xde,0xca,0xc5,0x15,0x4c,0x80,0x87,0x4f,0xe9,0x56,0x9e,0x8f,0xbc,0x08,0xf5,0xc4,
    0xe1,0x16,0x36,0x6c,0x53,0xbb,0x8a,0xc2,0x53,0x38,0xc1,0xa9,0x33,0xc8,0x3d,0x1f,
    0x14,0x98,0x99,0xc5,0x17,0xf4,0x30,0xc4,0xd7,0x33,0x8e,0x6b,0x62,0xec,0x69,0x4e,
    0xf7,0xa3,0x56,0xd9,0xd8,0xdf,0xb6,0x23,0x66,0xa2,0xcc,0x3c,0x5a,0xae,0x34,0x47,
    0xdd,0x63,0xf2,0xe8,0xe6,0x62,0xe8,0x13,0x58,0x35,0xd4,0x66,0x79,0x05,0x74,0xae,
    0x96,0xef,0x45,0xcf,0xef,0x8d,0xda,0xa5,0xe8,0xe9,0x17,0xff,0xa3,0x27,0x98,0xb3,
    0xbf,0xac,0x1c,0xec,0x62,0xb1,0x09,0x76,0x5c,0x2c,0x47,0xf3,0x94,0x28,0xed,0xa6,
    0x3b,0xa0,0x46,0xf6,0x1e,0xf3,0xb6,0xcf,0x99,0xf7,0xdd,0x3a,0x9b,0x6c,0x75,0x1b,
    0x57,0x43,0x39,0x1e,0x3b,0xa2,0xb9,0xeb,0xf8,0x96,0x14,0x18,0xa1,0xe3,0xd2,0xf9,
    0x2c,0xf9,0x54,0xb6,0x0b,0x2c,0x79,0xae,0x5a,0x6a,0xd0,0xc4,0x4f,0xd1,0x82,0x0b,
    0x4c,0x8a,0x80,0x22,0xff,0xbb,0x55,0xb1,0x2b,0x19,0xf5,0xce,0x6d,0xd3,0xdf,0xf3,
    0xc3,0x6e,0x26,0x58,0xbd,0x7a,0xbd,0xe2,0x40,0x8c,0x5b,0xae,0x3e,0x18,0x61,0xe6,
    0x76,0x71,0xe8,0xe5,0x78,0x0a,0xb6,0x40,0xb3,0xfd,0xbe,0xb1,0x25,0x61,0xb5,0x47,
    0x3b,0xd1,0x11,0x19,0xaf,0xfd,0x80,0xa0,0xb0,0xe1,0x6b,0xdb,0x8d,0x83,0xee,0x51,
    0x1e,0xb7,0xed,0x6c,0x13,0xbd,0xf2,0x72,0x1e,0x7b,0xb7,0x57,0x55,0x62,0x0d,0x67,
    0x9b,0x9e,0x72,0x65,0x49,0x69,0x1f,0xd5,0x5d,0x32,0x0c,0xd6,0x1f,0x67,0x1a,0xf5,
    0xcd,0xf7,0x1d,0x9f,0xd8,0x49,0x8d,0x1a,0x13,0xa1,0x6b,0x89,0xd9,0x4f,0xb6,0xaa,
    0xf2,0x65,0xd0,0x04,0x21,0xb5,0xef,0x0f,0x1c,0x62,0x6e,0x35,0x55,0x93,0x18,0x71,
    0x8b,0xac,0x60,0xe2,0x1c,0xb8,0xdc,0x85,0x63,0xc5,0xac,0x69,0xf7,0xb1,0x8e,0xfd,
    0xc1,0xed,0x6d,0xe1,0xe5,0xa4,0x1c,0x61,0x06,0xbc,0xd9,0xf8,0x93,0xa3,0x43,0x0d,
    0xcf,0xae,0x44,0x82,0xbf,0xf4,0x9d,0x4a,0xea,0x58,0x57,0x7f,0x67,0xd5,0x66,0x7d,
    0x79,0x17,0x59,0x34,0x40,0x1f,0x41,0xd6,0xd0,0xa3,0xec,0x3a,0x25,0x2d,0x15,0xc8,
    0xc4,0xb7,0x96,0xb8,0xa7,0x57,0xbd,0x78,0x88,0x44,0xc9,0x94,0x43,0xfb,0x8f,0x09,
    0xac,0x0a,0x00,0x07,0x5a,0x01,0x4b,0x7e,0xc4,0x62,0x1e,0xb7,0xbb,0x35,0x0b,0xec,
    0xc8,0xb5,0xc6,0xec,0xeb,0x7b,0x29,0xc1,0xb3,0x18,0x3c,0x96,0x19,0x66,0x1a,0x2b,
    0xfe,0x17,0xda,0x47,0x97,0x3b,0x5d,0x42,0xb9,0xc9,0x72,0xc2,0xf4,0x4c,0xa3,0x5f,
    0xf9,0xf1,0x0d,0x61,0xe0,0x1e,0x02,0xb9,0x0c,0xdb,0x5c,0x6e,0xad,0x10,0x4b,0x59,
    0x4b,0x4c,0x8c,0xe3,0x1a,0xa2,0x89,0x3b,0xb1,0xe5,0xc2,0xeb,0x07,0x0e,0x8e,0x95,
    0x21,0xa4,0x2c,0x76,0x2d,0xf1,0x45,0xf9,0xfd,0x13,0x3c,0x83,0xe4,0xe7,0x58,0x9e,
    0x9e,0xb2,0x10,0xdc,0xc6,0x7f,0x95,0x7b,0xde,0x15,0x2a,0x46,0xf9,0xf1,0x99,0x89,
    0x8b,0x52,0x2b,0x9f,0x4e,0x77,0xc8,0x1f,0xb2,0x7d,0x12,0x37,0x67,0x98,0x2d,0xa6,
    0x1b,0x7a,0xf9,0x8c,0x69,0xb1,0x3b,0x1e,0x7d,0xbf,0x79,0x64,0xff,0xf1,0x39,0x04,
    0x2d,0xe3,0xb9,0x28,0x95,0xde,0xcd,0x1e,0x8a,0x11,0x47,0xa9,0xe8,0xbc,0x03,0x5e,
    0x7e,0x78,0xe0,0xe1,0xe9,0xed,0x9c,0xd2,0x2b,0x45,0x90,0x90,0xf4,0x7f,0x09,0xfd,
    0xdb,0xeb,0x9a,0x7c,0xda,0xc4,0xa3,0x9a,0xb0,0xf3,0x02,0x6c,0x60,0xb2,0x90,0xc6,
    0x58,0x4e,0xe2,0x34,0x95,0x69,0x5a,0x47,0x44,0xaf,0x1d,0xd4,0x27,0x7f,0xb2,0x41,
    0x18,0x96,0xc6,0xba,0x3f,0x62,0xd5,0x9d,0x2b,0x42,0xb4,0xbe,0xa4,0xbe,0x48,0x90,
    0x17,0x88,0xfd,0x46,0xc3,0x70,0x18,0x05,0x1e,0xbf,0x89,0x3e,0xb1,0x79,0x59,0xf1,
    0x7e,0x41,0x5f,0xcf,0x1a,0xb0,0x1f,0xd5,0x8e,0x93,0xe2,0xad,0x74,0x36,0x79,0x25,
    0x44,0x39,0xdc,0x5a,0x2f,0x04,0x3c,0x19,0x51,0xd2,0x4a,0xfc,0x6c,0xe4,0xe9,0x1f,
    0xa6,0x9a,0x60,0x6e,0x2e,0x20,0xc7,0xc6,0x4c,0x0b,0xeb,0x70,0xe8,0x72,0xb2,0x3d,
    0xc5,0x52,0xe3,0xe3,0x0a,0xf3,0xe2,0x3d,0x12,0x87,0x17,0x53,0xed,0xac,0x54,0xfa,
    0x8b,0xa9,0x97,0xa0,0x8a,0xbe,0x1f,0x96,0xe9,0x5c,0x54,0xf4,0x7e,0x87,0x3f,0xde,
    0x76,0x6b,0x20,0x4b,0xfd,0xed,0x6c,0x23,0xe9,0x04,0xfd,0x6e,0xb6,0x3b,0x37,0x0e,
    0xff,0xae,0x16,0x29,0x56,0x97,0x00,0xbe,0xb7,0xb0,0x83,0x6f,0xa4,0x11,0xec,0xd3,
    0x2e,0xc4,0x2c,0x0a,0x12,0xe2,0xd1,0x97,0xab,0xb7,0x43,0xe4,0x9a,0xa3,0xd5,0xd9,
    0xc8,0xbd,0x5f,0xee,0x6e,0xe2,0x09,0x67,0x73,0x91,0x73,0x4b,0x0a,0xd3,0x79,0xf9,
    0x44,0x75,0x65,0x83,0xad,0x49,0xb8,0xa6,0x7e,0x47,0x44,0x57,0x0d,0x93,0x12,0xae,
    0xf8,0x64,0x43,0xc6,0x91,0x05,0x95,0x60,0xf5,0x5f,0x94,0xd0,0x92,0x61,0xe5,0x07,
    0x9f,0x0c,0x70,0xe1,0x78,0x89,0x8e,0x0f,0x1a,0xa7,0x50,0xe3,0x8f,0xed,0xe5,0x1b,
    0x2c,0xaf,0xb1,0xc1,0x78,0x8c,0x62,0x04,0xab,0xcf,0x67,0x42,0x84,0x31,0xb4,0x06,
    0x06,0x39,0x73,0x68,0x60,0xb6,0xd0,0x00,0x56,0xbf,0x33,0x31,0x69,0x62,0x06,0xac,
    0x0b,0x75,0xfd,0xaa,0xc9,0x81,0x71,0x1b,0x91,0xec,0xb3,0x52,0xf1,0xce,0xc7,0x06,
    0x77,0x59,0xd0,0x1e,0xbe,0x4c,0xef,0xc2,0x89,0x8c,0xd6,0x1a,0xe0,0xf7,0xc6,0xbd,
    0x45,0x36,0x8f,0x46,0x86,0x70,0xa6,0x43,0x3b,0xd4,0x16,0x99,0xda,0x10,0x35,0x3a,
    0xbc,0xa3,0x52,0x84,0xf1,0xb8,0x44,0x22,0xe4,0x57,0x55,0x62,0x24,0xd4,0xb7,0xa3,
    0xfa,0x5e,0x20,0xdc,0x6b,0x0d,0xd4,0xe8,0x4d,0xba,0xd3,0x41,0x39,0xe2,0xdd,0x20,
    0x7e,0x15,0x0d,0x53,0x9c,0xe2,0x6f,0x81,0xb2,0x2c,0xc8,0x4a,0x9a,0xc3,0x5b,0x08,
    0x0a,0x64,0x51,0x37,0x3b,0x82,0x21,0x3a,0x94,0xb3,0x33,0x8e,0x22,0x33,0x38,0xe4,
    0x79,0x2f,0xfa,0x2a,0x6f,0xba,0xa8,0x15,0xeb,0x26,0x6a,0xf8,0xe3,0xde,0xaa,0x75,
    0xb4,0x5c,0x46,0xf4,0x6e,0x74,0x54,0xff,0xc4,0x89,0xab,0x84,0xb5,0x41,0x9a,0x39,
    0x38,0x5a,0x78,0x02,0x68,0x1d,0x38,0xf3,0x68,0xd9,0x77,0x72,0x0a,0xb7,0x33,0x5d,
    0xcc,0x8c,0xd5,0xef,0x90,0xba,0xfa,0x32,0xef,0x73,0xa9,0x3c,0x07,0xe9,0x65,0x97,
    0x32,0x4a,0xf0,0x51,0xe2,0x65,0xe6,0x2f,0x04,0x5a,0x1e,0xb7,0x98,0x5e,0x3c,0x9d,
    0x99,0x59,0xa5,0x1c,0xaf,0xdb,0x32,0x27,0xc7,0xff,0xa0,0xd5,0xc6,0x2e,0x99,0xa2,
    0x6b,0x08,0x6f,0x83,0x33,0xca,0x50,0xf4,0xe5,0x1e,0x49,0xef,0x9e,0x44,0xd5,0x9a,
    0xbd,0xa1,0xd2,0xdd,0xb6,0xc6,0x21,0xd2,0x94,0x89,0xba,0x52,0x07,0x49,0x07,0x79,
    0x66,0x0a,0xb1,0xbe,0xe4,0x38,0xeb,0x92,0xc9,0xf7,0x3e,0xb0,0x2c,0x40,0x4a,0x2b,
    0xe7,0x49,0xfc,0x1e,0xf8,0x63,0x1d,0x3a,0x64,0x8c,0x97,0xbf,0x92,0x77,0x94,0x79,
    0x45,0x3b,0xb5,0xff,0x35,0xea,0x4a,0xb3,0xa9,0xe6,0x18,0x5e,0x65,0xc2,0xaf,0x06,
    0xd2,0x8e,0xa0,0x85,0x39,0x18,0x1f,0xb9,0x49,0x7e,0xa6,0xc2,0x1d,0xe6,0x2c,0x71,
    0x4a,0xff,0x57,0x31,0x96,0x82,0x3f,0x4d,0xe1,0x4f,0x72,0x4c,0xb1,0xce,0x78,0x69,
    0x1a,0x84,0xf6,0x97,0xc5,0x7b,0x12,0x58,0xfb,0x35,0xc0,0xfd,0xe0,0x46,0x6e,0x69,
    0x7a,0xaf,0x4a,0x82,0x23,0x7d,0x1a,0xb8,0x4a,0xe1,0x66,0x40,0xe2,0x34,0x1d,0x04,
    0x59,0x24,0xd8,0x99,0x20,0x96,0x7d,0x07,0x33,0xe7,0x62,0x46,0xb3,0xd8,0x94,0x39,
    0x22,0x7b,0x2a,0x55,0xcc,0xf4,0xd4,0x76,0x6a,0xbc,0x59,0xb5,0x66,0x38,0xc8,0x1c,
    0x01,0x38,0xd5,0xe3,0xcf,0x60,0x8c,0x26,0xf6,0xe5,0xed,0x7e,0x3f,0x21,0x0a,0x00,
    0xb6,0xf1,0xc4,0x93,0xc9,0xc3,0x4b,0x9e,0x9f,0x5a,0x9a,0x0b,0x7a,0xa4,0xa4,0x62,
    0xd2,0x12,0x1c,0x10,0x73,0x3a,0xfd,0xf9,0x8a,0x01,0x2d,0xb7,0x88,0x9a,0xb7,0xde,
    0xa6,0x33,0x1f,0xbe,0x89,0x01,0x34,0x28,0x8b,0x23,0x52,0xd7,0x32,0x2b,0x4a,0xa6,
    0x96,0xb8,0xaa,0x3a,0xa5,0x82,0x3e,0x74,0xc4,0x77,0x2e,0xb8,0x57,0xf1,0x3c,0x30,
    0xac,0x60,0x4e,0x7b,0x83,0xa2,0x8c,0x54,0x6f,0xac,0x98,0x6f,0xea,0x5d,0xcf,0xaa,
    0x88,0x52,0xa2,0xea,0xdb,0xc1,0xb9,0xa5,0xf9,0xb9,0xac,0x78,0x48,0xa1,0x3e,0x65,
    0x96,0xb8,0x6e,0x93,0x18,0x0b,0x14,0x9f,0xdf,0xaa,0xb8,0x69,0x6a,0xbe,0xf8,0xfc,
    0xc5,0xa3,0x2e,0x54,0x23,0x5e,0x86,0xa8,0x11,0x10,0x0c,0x94,0x3e,0x11,0x4e,0x4a,
    0x07,0xdf,0xb1,0x65,0x30,0x2c,0xf4,0xa8,0x9b,0xb7,0x20,0xbe,0x50,0xba,0x70,0xe9,
    0x7f,0x38,0x53,0xe6,0x3d,0xec,0x1a,0x8e,0xc8,0xbd,0x87,0xe8,0x8c,0xfe,0x6e,0xa0,
    0x6c,0x8b,0xda,0x99,0x29,0xae,0x6b,0xfc,0x94,0xd1,0x35,0x68,0x1d,0xc9,0x89,0x08,
    0x93,0xb3,0x29,0x6b,0xee,0xb6,0xe3,0xd5,0xfb,0x09,0x7a,0x9d,0x3c,0x28,0xb9,0x41,
    0xe3,0xca,0x61,0xd9,0xde,0xb8,0x76,0x51,0x23,0x9b,0x1e,0x4d,0x11,0xb3,0x39,0x75,
    0x0d,0xea,0x72,0x38,0xc6,0x6f,0xac,0x60,0xd8,0x5c,0xe7,0x6b,0x18,0x1b,0x86,0x6b,
    0x8a,0xde,0xba,0x1c,0x43,0xfd,0xa0,0x47,0x8a,0x40,0x0a,0x4c,0xaf,0x73,0xa3,0xb2,
    0x25,0x0c,0x2b,0x7e,0x70,0xfc,0x0a,0x40,0xe2,0x58,0x2d,0x96,0x93,0xac,0x44,0x4e,
    0x60,0x9c,0xdc,0xe7,0xbb,0xa2,0x96,0x36,0xfb,0x32,0x12,0x3a,0x78,0x31,0xc1,0x6c,
    0xb0,0x8a,0x96,0xfc,0x26,0x82,0x58,0x3e,0xad,0xc1,0x34,0xf1,0x48,0x45,0xa9,0xae,
    0x94,0xc8,0xdf,0x84,0x7c,0x46,0xf4,0x92,0xcf,0xae,0x1d,0x8e,0x72,0x1b,0x9c,0xb5,
    0x14,0x5a,0x5c,0x9e,0xe0,0x4d,0x86,0x8a,0xaf,0xf9,0xdf,0x58,0xa3,0xce,0x74,0x80,
    0x08,0x2c,0x77,0xb4,0xab,0x73,0xbf,0xef,0x44,0x05,0xa6,0xa3,0x04,0x0e,0x5d,0x78,
    0x61,0xa7,0xa0,0x4b,0x0a,0x03,0x61,0x4e,0x3c,0xed,0x04,0x14,0xec,0x6a,0xca,0xe7,
    0xfb,0x7f,0x65,0x90,0xd6,0xf7,0x01,0x7c,0x9e,0x46,0xc1,0xf8,0x96,0xee,0xe7,0x79,
    0xea,0xbe,0x80,0x48,0xe2,0x1f,0x9d,0x90,0xe6,0x17,0x9b,0xea,0xd0,0x52,0x16,0xb1,
    0x7e,0x63,0x02,0x30,0xa9,0xb0,0x4f,0xee,0xbb,0x2d,0x26,0x6a,0x5b,0x78,0xcf,0x91,
    0xf8,0x8f,0xa3,0xae,0x69,0x09,0x04,0x0b,0xc7,0xd4,0x57,0xf7,0x96,0x7d,0x1a,0xcd,
    0x22,0xe6,0x7a,0xae,0x71,0x16,0x64,0x08,0xf2,0xc9,0x88,0x7b,0xe4,0x0a,0xa9,0x9e,
    0x8a,0x0c,0x9a,0xf2,0x16,0x31,0x31,0x41,0x14,0x8b,0x9c,0xf8,0xb6,0x37,0xb9,0xf6,
    0x1f,0x1d,0xcf,0x87,0xfb,0xb2,0xf2,0x16,0x36,0xdc,0xa7,0x25,0x56,0x14,0xa7,0x29,
    0x64,0xcf,0x8b,0xba,0x2f,0x92,0x48,0xe3,0xa1,0x4c,0x20,0x6a,0xf3,0x93,0xe9,0xcd,
    0xb7,0x22,0xc6,0x99,0xde,0x53,0x72,0x65,0x88,0x85,0x97,0x21,0x40,0xc3,0x2f,0xee,
    0x4f,0x14,0x63,0xb3,0x1f,0x9f,0x2d,0x33,0x20,0x5b,0x5f,0xe7,0xce,0x50,0x57,0xd4,
    0xee,0xb6,0x7a,0xcf,0xb9,0x1e,0x26,0x13,0xa6,0x99,0xc6,0x96,0x1d,0x85,0x7d,0x2e,
    0x5c,0x6a,0xec,0x7d,0xa6,0x82,0xac,0xb0,0x4b,0xfe,0xf1,0xe9,0x96,0x51,0xeb,0x79,
    0x83,0x13,0xc4,0xa3,0x12,0xf0,0x50,0x3c,0x76,0xbd,0x72,0xb7,0x06,0xcf,0x02,0xe8,
    0x0e,0x00,0x2f,0x81,0x62,0x73,0x18,0x5a,0x85,0x60,0x8c,0x6d,0x05,0x25,0xf2,0x7e,
    0x7a,0xc5,0xd0,0xd9,0x30,0xf8,0x9c,0x2b,0x87,0x3d,0x02,0xa8,0x45,0x8e,0x8f,0x72,
    0x8a,0x11,0x16,0x3a,0x5e,0xbd,0xea,0x5c,0x48,0xa4,0x9e,0xcf,0x90,0x8e,0x51,0x11,
    0x2e,0xe3,0xa0,0x3b,0xbb,0x91,0x4e,0x27,0x03,0x0d,0x67,0x09,0x7c,0x10,0xc0,0xca,
    0x04,0xf6,0x32,0x39,0xfc,0x34,0x78,0x9b,0xb8,0xf6,0x7a,0x52,0x2b,0xe9,0xb1,0x7f,
    0xaa,0xc3,0x44,0x67,0xda,0x16,0x51,0x8d,0xa0,0xb1,0xb2,0x82,0x03,0x66,0xca,0xde,
    0x2c,0x09,0x28,0xd3,0x53,0x8f,0x5a,0xe6,0xec,0x52,0x18,0x7e,0x06,0x6b,0xb4,0xda,
    0x5f,0x53,0x4d,0xf4,0xca,0xd1,0x09,0xa6,0x06,0xa9,0x94,0xd2,0xd9,0xf2,0xa6,0x09,
    0x8e,0x7c,0x57,0x4f,0x8a,0x81,0xfb,0x33,0xb7,0xe9,0x0e,0x15,0xfb,0xa4,0xbe,0xca,
    0x17,0xed,0x89,0x95,0x90,0x04,0x51,0x0c,0xc0,0xd4,0xb7,0xda,0x74,0xf5,0x7e,0x01,
    0x35,0x26,0x5c,0x6a,0x45,0x07,0x7a,0x82,0x63,0x4a,0x22,0xce,0x01,0xa8,0x48,0xaf,
    0xca,0xaa,0x8a,0x69,0x66,0x90,0xa6,0x6d,0x27,0x98,0x5a,0x81,0x60,0x57,0x69,0x95,
    0xd6,0xe4,0xf9,0xd3,0xac,0xb4,0x0e,0x9a,0xc5,0x10,0x4e,0x24,0x85,0xbd,0x7d,0x1f,
    0x36,0x32,0xbc,0xed,0xf8,0x0f,0x09,0xee,0x34,0x77,0x3c,0x7a,0x73,0xde,0x57,0xc1,
    0xbc,0x27,0xfd,0x57,0xfe,0x5e,0x5a,0x3b,0x4f,0x79,0x80,0x6a,0x75,0x2b,0x18,0x35,
    0x76,0xcc,0xa6,0xf5,0x98,0xbb,0x4f,0x35,0x62,0x87,0x3f,0x9a,0x14,0xbf,0x7e,0xfb,
    0x6d,0xb2,0x22,0xb3,0x29,0x90,0x59,0x59,0xeb,0xa1,0xe5,0xe1,0x5d,0x5b,0xdf,0xa7,
    0x2c,0xa4,0x2e,0x86,0x25,0x3c,0xb1,0x14,0xc2,0x52,0x3c,0xda,0xf2,0x88,0xa8,0xb8,
    0xd0,0x37,0x24,0x8a,0xfc,0x29,0xb6,0xa1,0x9a,0xd7,0x37,0xf9,0xc8,0x9e,0xc1,0x88,
    0xbe,0x15,0x1f,0x6c,0xc7,0xc8,0xec,0xf7,0x74,0xfe,0xbb,0xa0,0x94,0x91,0xb3,0xf5,
    0x14,0xc3,0xa4,0xa7,0x98,0x10,0x5a,0x25,0x18,0xab,0xe4,0x17,0x07,0x32,0x8d,0x52,
    0xc7,0x06,0xff,0xc7,0xc0,0x15,0xdb,0x73,0xfd,0x39,0x7c,0xb2,0xee,0x48,0xa2,0x52,
    0x77,0x6c,0x2d,0xe0,0x52,0x88,0x09,0xcd,0x28,0xc6,0xa9,0x20,0xba,0x93,0x9d,0xcb,
    0x8f,0xd3,0xa9,0xec,0x61,0x5a,0xba,0xbb,0x60,0xdf,0x77,0x4f,0x79,0x29,0xf7,0xd8,
    0x9b,0xb9,0x97,0x5e,0xbb,0xce,0x50,0x7a,0x47,0xd0,0x3e,0x58,0x59,0x3d,0x70,0xb1,
    0x74,0xb0,0x74,0xd9,0xbc,0x8c,0xd4,0x06,0xfe,0xf6,0x4e,0x03,0xba,0xd3,0xe7,0x91,
    0xe7,0x2c,0x16,0x1d,0x98,0x9e,0xf7,0x23,0x8f,0xd2,0xc5,0x62,0x16,0xdc,0x22,0x1f,
    0x5a,0xf6,0x67,0xb0,0xdb,0x13,0x7e,0x7e,0x04,0x39,0x7c,0x33,0xa9,0x7a,0x10,0xed,
    0xdf,0x6f,0x04,0xf5,0xde,0x21,0x05,0xa3,0x10,0xe7,0x90,0x5b,0x3d,0xda,0xed,0x4e,
    0x49,0x23,0xdd,0xee,0xd5,0xf1,0x94,0x59,0x17,0x79,0x54,0xbd,0xb4,0x10,0x91,0xf5,
    0x8b,0x56,0x01,0xdb,0x25,0x30,0x53,0xd2,0xc3,0xc4,0x38,0xc3,0x3d,0x35,0x40,0xe5,
    0x92,0xa0,0x95,0x84,0x8b,0xa6,0x19,0x9d,0x28,0x88,0x54,0x63,0x6b,0x4e,0x14,0x07,
    0x06,0x00,0x40,0x81,0x17,0xa6,0xaf,0x82,0x70,0xfc,0xc6,0xcf,0x83,0x15,0xde,0xcf,
    0x79,0xf8,0xf4,0x1b,0xb6,0x64,0xf2,0x6f,0x2b,0x80,0x11,0x5c,0x0e,0x3e,0x38,0xe5,
    0xe9,0x88,0x76,0x07,0x40,0xd3,0x3c,0x3b,0xec,0x17,0x1f,0xd6,0xa2,0xb7,0xdb,0xb3,
    0x01,0xff,0x92,0x6b,0xc8,0x3a,0x1b,0x73,0x83,0x65,0x51,0x86,0x4a,0x8d,0x79,0x77,
    0x9f,0x1a,0x59,0xc4,0x5e,0xb8,0x53,0xdc,0x66,0x8f,0x83,0xf0,0x31,0xa8,0x1b,0x30,
    0x4a,0x20,0xa5,0x5d,0x6e,0xf3,0x8d,0x14,0xe9,0x73,0xc2,0x15,0xda,0x66,0x8c,0x61,
    0xe3,0x9e,0xa8,0x30,0xe5,0x58,0x55,0x75,0xc5,0x8f,0x78,0x83,0x29,0x45,0x0b,0x73,
    0xae,0x5e,0x76,0x30,0x3f,0x0c,0xe3,0xce,0xa0,0xcc,0xc8,0xda,0x7c,0x74,0xd4,0x0e,
    0x85,0xed,0xb1,0x21,0x65,0x8b,0xb2,0x70,0x1a,0xdf,0x25,0x6e,0xa4,0x0f,0x5c,0xff,
    0xa1,0x31,0x2f,0xcf,0xed,0x16,0x54,0x82,0xb7,0xf5,0x62,0xd8,0x02,0x56,0x59,0xf6,
    0x48,0x4a,0xda,0xcd,0xf2,0x34,0x3e,0x2f,0x99,0x4a,0xc7,0x41,0xba,0x81,0x56,0xef,
    0x69,0xfb,0x96,0x85,0xcf,0x7c,0x12,0x97,0x11,0xcd,0xfb,0x76,0x12,0xc1,0x2d,0xcf,
    0xad,0x9b,0xed,0x6b,0xba,0xa1,0x2f,0x7a,0xdf,0xd1,0x7b,0x45,0xea,0x90,0x3f,0xb9,
    0xd6,0x54,0x17,0x58,0x7f,0x6c,0x7a,0xdd,0xee,0xb0,0xde,0xfe,0xf1,0xc1,0x3a,0x22,
    0x0c,0x70,0x32,0x68,0xe0,0xbf,0x3e,0x1b,0x1b,0x84,0x3d,0xbc,0x38,0x2d,0x4b,0x17,
    0xfc,0xed,0x39,0xa4,0x06,0x82,0x1b,0x29,0x8b,0xee,0xee,0x0f,0x36,0x17,0x08,0xde,
    0xaa,0x28,0xb1,0x4f,0x03,0xb0,0x3e,0x3e,0x52,0x13,0xc6,0x44,0x1a,0xb5,0xdb,0xf8,
    0x04,0xc1,0x4c,0xc9,0x9d,0x47,0x3d,0x71,0xc7,0x3c,0x03,0x61,0x76,0xb4,0x42,0x3d,
    0x18,0x28,0x56,0x99,0xd0,0xfa,0x59,0xb9,0xaa,0x2f,0x85,0x2b,0x9b,0x6c,0x42,0xa4,
    0x73,0xab,0x90,0x6d,0xbe,0xd9,0x76,0xc9,0xa5,0x1e,0xf0,0x8c,0xef,0x3a,0x38,0xb3,
    0x9f,0xd0,0x94,0xc5,0x0f,0x9f,0x13,0x64,0x0d,0xc2,0x02,0x61,0x09,0x34,0x14,0xda,
    0x67,0x84,0x6f,0xc4,0x9e,0x95,0x43,0xb5,0x80,0x5a,0x02,0x23,0x5d,0x3a,0xa6,0x38,
    0x5f,0xa8,0xc6,0xaf,0x4c,0xa3,0x12,0xd1,0x4a,0x32,0x2f,0xdc,0xb2,0x81,0xa7,0x2e,
    0xc7,0x37,0x4b,0x80,0x69,0xcf,0x33,0x15,0xfa,0x5d,0xaa,0xa1,0x63,0xdc,0xd6,0x3a,
    0x92,0x11,0x77,0xf7,0xea,0x58,0x21,0xd8,0xa8,0x4e,0xa4,0xb5,0x0a,0xe0,0xcf,0x7f,
    0x19,0x0a,0x6b,0x4b,0x2b,0x28,0xcf,0xa4,0xcd,0xad,0xa6,0xa6,0x15,0xcd,0xc6,0xba,
    0x65,0x0f,0x35,0xc0,0xb7,0x6a,0xe7,0xa0,0x9b,0xe4,0x87,0xb8,0xdb,0xc3,0x28,0xd4,
    0xca,0xdd,0x0b,0x27,0x7b,0xa9,0xd6,0xe5,0x29,0xce,0x05,0x09,0x79,0x7f,0x02,0xda,
    0x4b,0xe0,0x51,0x47,0xfe,0xe8,0x1d,0x2d,0xc0,0xb8,0xfe,0xce,0x78,0x32,0x46,0x07,
    0x4c,0x7f,0x7d,0x89,0x9c,0x24,0x63,0x1d,0x08,0x57,0xe2,0x2d,0x86,0x4b,0xfd,0xfd,
    0x0a,0xb6,0xf6,0x11,0x66,0x8b,0x82,0xde,0x48,0x43,0x25,0xbb,0xf4,0x14,0xdc,0x1d,
    0xb2,0xe0,0x90,0x66,0x92,0x27,0x1a,0xb6,0x3a,0x6a,0x46,0x57,0x56,0xa5,0xcf,0xfc,
    0x26,0xdc,0x5d,0x35,0x9f,0x13,0xf8,0x1c,0xfd,0x6e,0xfe,0x4c,0xaa,0x51,0x4e,0x58,
    0x72,0xde,0x25,0x74,0x05,0xd8,0xa3,0xa4,0x8f,0x79,0xa5,0x56,0x98,0x6c,0x45,0x43,
    0x05,0xd9,0xa4,0x98,0xa7,0x50,0x80,0x1a,0xdb,0xcf,0x5c,0xea,0xf1,0x8e,0x86,0xac,
    0xfb,0x48,0xa5,0x80,0x32,0xd1,0x75,0x76,0xc3,0x89,0x70,0xa8,0x20,0x30,0x59,0x0e,
    0x33,0x1c,0x95,0xeb,0x0e,0x35,0x14,0x63,0x56,0xe2,0x12,0xfe,0x64,0x7f,0x83,0xd6,
    0xdc,0x2c,0x9e,0xcd,0x28,0xa4,0xb5,0xe0,0xba,0x03,0xb9,0xa7,0x9f,0x54,0xee,0x77,
    0xea,0xb1,0xf3,0xb6,0x4c,0x49,0xf7,0xd7,0xe2,0x6f,0x7d,0x49,0x64,0x25,0xe2,0x38,
    0xc4,0x8a,0xc3,0x76,0x65,0x7c,0x2e,0x03,0x42,0x1c,0xf1,0x7b,0x27,0xdd,0x57,0x56,
    0x45,0x6b,0x6a,0x59,0x83,0x5f,0xf6,0x7b,0xec,0x48,0x8e,0x57,0xab,0x3d,0x2b,0xd0,
    0x8a,0x41,0x63,0xec,0x84,0x53,0xff,0x29,0x5d,0x7d,0x04,0x1d,0x9d,0xf4,0x0f,0xc4,
    0xab,0x94,0x9f,0x4c,0x26,0x4d,0x95,0x6c,0xa5,0xb7,0x67,0x81,0xe3,0x93,0x68,0x11,
    0xc6,0x1b,0x45,0x73,0x06,0x65,0x29,0x17,0xfc,0x19,0xca,0xea,0x47,0xc4,0x5f,0x17,
    0x83,0x38,0x44,0xec,0x3a,0x79,0x0b,0x14,0x13,0x24,0x4f,0x71,0x5b,0xfc,0xdc,0xee,
    0xf2,0x4a,0x5e,0xf7,0x3b,0x8e,0xd7,0x3c,0xc8,0x37,0x48,0xa7,0xc5,0x77,0x4e,0x43,
    0x8a,0x15,0x62,0xe4,0xd0,0x24,0x2f,0x6f,0x5a,0x65,0x3d,0x2f,0x72,0xe1,0x09,0xd7,
    0xbe,0x9c,0x15,0x85,0x7a,0x90,0xaf,0xc1,0x1f,0xea,0x7d,0xaf,0xbc,0x8c,0xf4,0x6d,
    0x8c,0x2d,0x5a,0xac,0x4f,0x04,0x9f,0x23,0x01,0x7f,0xa5,0xb3,0x10,0xbe,0xf1,0x9f,
    0x32,0x34,0x9b,0xa7,0x96,0x7c,0x71,0x17,0xe2,0xbc,0xf3,0xe8,0x1d,0x21,0xd7,0x33,
    0x78,0x2d,0x70,0x28,0xbf,0x12,0x1f,0xf6,0x0c,0x46,0x2a,0xb5,0xff,0x9a,0xee,0x77,
    0x67,0xf2,0x15,0x5e,0xc6,0x43,0x61,0x02,0xfe,0x1a,0x8c,0x87,0x13,0x23,0x95,0x6e,
    0xd3,0xa9,0x4c,0x64,0x81,0xcf,0xba,0x13,0xcf,0x9d,0x66,0x92,0x21,0x82,0x1d,0x13,
    0x11,0xaf,0xa2,0x84,0xdf,0xd8,0x06,0xdb,0x37,0x04,0xed,0x00,0x96,0xe4,0x15,0xe3,
    0x15,0xfe,0x68,0xc2,0x47,0x74,0x23,0x33,0x1e,0xcc,0xa5,0x5a,0x57,0xd8,0xaf,0x23,
    0x64,0x45,0xdf,0xa9,0x89,0x9c,0x1f,0x3a,0x2c,0x47,0x0f,0x8d,0xfe,0x03,0xf8,0x50,
    0x6a,0xd6,0x98,0x95,0x51,0x24,0xd9,0x41,0x64,0xb3,0x66,0xdc,0x7c,0x07,0xc8,0x4c,
    0x4d,0xfd,0x43,0xdd,0x34,0x22,0x28,0x80,0x05,0x20,0x3c,0x72,0x9c,0xdb,0x4e,0xdd,
    0x83,0x91,0xb1,0xc1,0xdc,0x20,0x80,0x44,0xc4,0x2f,0x16,0x3a,0x3d,0x6a,0x30,0x4a,
    0xec,0x5e,0xa2,0x05,0xa4,0x66,0x39,0x31,0x09,0x0b,0xa7,0xa8,0x00,0x23,0xa0,0x4e,
    0x10,0xb6,0x38,0x32,0xa2,0xd3,0xdc,0x84,0xbc,0x01,0x25,0x6c,0x1e,0xa7,0x2e,0xd3,
    0xc8,0x6a,0x24,0x8e,0xb5,0x56,0x3c,0x93,0xa8,0x07,0x6e,0xb6,0x87,0x33,0x5a,0x5d,
    0x37,0x1a,0xfd,0xf5,0x96,0x2e,0x9d,0xd6,0x7b,0xd0,0x4b,0xfd,0x60,0x16,0x2a,0x8d,
    0xef,0x85,0x78,0x44,0x1d,0x90,0xeb,0x77,0x2e,0xd7,0x49,0xdd,0x1d,0x42,0xe9,0x50,
    0x8e,0x60,0x54,0x18,0x49,0xcf,0x8c,0xff,0x56,0x51,0xfd,0x86,0x5d,0x8f,0xe0,0x21,
    0x35,0x22,0x8b,0xd6,0x8a,0xea,0xb1,0x07,0x4e,0x28,0x76,0x8c,0x5a,0xaa,0x40,0xc8,
    0x0d,0x3a,0x79,0x0f,0x9f,0xd5,0xc8,0x61,0x00,0x3c,0x9c,0x23,0x6f,0xc6,0x4e,0x34,
    0x3f,0xb6,0x69,0x2a,0xd9,0x4b,0x72,0x78,0xa6,0x78,0x7b,0xaa,0x4a,0x1d,0x1e,0xb3,
    0xac,0x6e,0xdd,0xae,0x5d,0x84,0x50,0x3e,0x9f,0xd9,0xb1,0xa5,0x96,0x86,0x15,0x56,
    0x57,0x78,0xed,0x89,0xe3,0x9f,0xed,0x4d,0xe2,0x63,0xfd,0xdf,0x98,0x3b,0xee,0xbf,
    0xd5,0x72,0x57,0x2f,0x6b,0x59,0xeb,0xb5,0xfc,0x8c,0x46,0x98,0x7a,0xdf,0x05,0x99,
    0xc9,0x95,0x79,0x86,0x54,0x61,0x86,0x83,0xe5,0xe0,0xe9,0xc9,0xb7,0x09,0x64,0xee,
    0x3d,0x12,0x14,0xe3,0xa3,0xd1,0x23,0x30,0xfb,0x53,0x69,0x0f,0x30,0x70,0x52,0x91,
    0x8c,0x40,0xf9,0x77,0x22,0xa4,0x90,0x8f,0xab,0x19,0x14,0x7a,0x7b,0x8b,0xd2,0xff,
    0x4c,0xe8,0xcc,0xb3,0xd7,0x9e,0x92,0xf0,0x06,0xa1,0xc9,0xd4,0xf1,0x8a,0x15,0xbb,
    0x96,0xde,0xe6,0xe0,0x7a,0x96,0x89,0x6c,0x56,0x36,0x68,0xf3,0x8d,0xc6,0xc2,0x20,
    0xa3,0x17,0x31,0xb0,0xbb,0x45,0xa3,0x1b,0x9d,0x89,0x0d,0x7c,0x10,0x0d,0xca,0x3a,
    0x38,0xb7,0x56,0x6f,0xc9,0xef,0x21,0xbe,0x72,0x22,0x6f,0x33,0xe8,0xd2,0xff,0xee,
    0x28,0x29,0xf3,0x09,0xcc,0xbd,0x98,0x33,0xc2,0x89,0x78,0xa3,0xe5,0x4e,0xf7,0xeb,
    0x8d,0x3a,0x24,0x43,0xee,0xaa,0x3a,0xdf,0x54,0x61,0x14,0xbb,0x4b,0xd7,0x16,0x6a,
    0x5f,0x44,0xca,0xf2,0x3a,0xbd,0x14,0x7c,0xd5,0xb8,0xfe,0xad,0xa6,0x16,0x29,0x65,
    0x1b,0xe7,0xf9,0x95,0x22,0x94,0xa2,0xef,0x25,0x79,0xf6,0x99,0x64,0x17,0xb2,0xd1,
    0x12,0xea,0x2d,0x22,0xe2,0xc7,0x14,0x75,0x29,0xeb,0x24,0x70,0x72,0x7d,0x2b,0x2c,
    0xba,0xa9,0x5d,0x2b,0x3b,0x5e,0x79,0x26,0xf3,0xea,0x84,0x24,0x55,0x3a,0x0f,0xd3,
    0xa9,0x4a,0x17,0x90,0xf5,0xbf,0x0b,0xef,0xd8,0xc9,0x5b,0x87,0x47,0xee,0xbc,0x67,
    0xcb,0x6c,0xd0,0x36,0xd2,0xb4,0x53,0x35,0xb3,0xdb,0x48,0x06,0x61,0x77,0x9e,0x9b,
    0xdb,0xee,0x74,0x60,0x87,0x88,0x6e,0xd5,0xa1,0xd3,0x12,0x42,0x2b,0xe1,0x25,0xa1,
    0x36,0x09,0x0e,0x88,0x1d,0x20,0xf8,0x4d,0xbc,0x84,0x2d,0x79,0xc9,0xa0,0x68,0xb7,
    0x57,0x93,0xb2,0x26,0x5a,0x5a,0x25,0xbd,0x7b,0xbf,0xad,0xd5,0x19,0xdf,0x0b,0x1b,
    0xe9,0x4a,0x69,0x57,0x9e,0xde,0x8f,0xc9,0x4a,0x74,0xec,0x0d,0x5e,0x59,0xf9,0x7f,
    0xbd,0x31,0x00,0xed,0xfd,0xae,0x90,0x0c,0xb0,0x6a,0x0f,0xf9,0xff,0x6b,0x93,0x42,
    0x65,0xee,0x74,0xaa,0xc0,0x2e,0x8e,0x3d,0x8a,0xdc,0x89,0x33,0xe5,0xdf,0xd6,0x8c,
    0x78,0x11,0x53,0x99,0x42,0xb8,0x1c,0x04,0xdc,0xdb,0x49,0x46,0x00,0x01,0x01,0x2d,
    0x27,0x94,0x18,0x02,0x38,0xc3,0x4e,0x53,0x4a,0x02,0x0f,0x27,0xfd,0xcf,0x40,0xc8,
    0xc8,0x54,0xd9,0x64,0xab,0x59,0xa3,0xd0,0x96,0xdc,0xe0,0x07,0x74,0x31,0xce,0x2c,
    0x0c,0x2e,0xe1,0x0a,0x41,0x86,0xd2,0x1b,0x76,0x36,0x4d,0x06,0xb2,0x76,0xe6,0x49,
    0x2e,0x2a,0xb5,0x5a,0x10,0x61,0xc4,0x05,0xeb,0x31,0x28,0x82,0xd3,0x38,0x17,0xf2,
    0x4f,0x11,0x5f,0x91,0xef,0xbf,0xb7,0x24,0x84,0xc1,0x4c,0x76,0xcc,0xd2,0x72,0xd3,
    0x0b,0x07,0xe3,0x6c,0xe0,0x1e,0x88,0xb4,0x51,0xcf,0x1d,0x56,0x66,0xfb,0x16,0xb0,
    0x63,0x19,0xc6,0x13,0xfe,0xb8,0x18,0x69,0x53,0x62,0xb7,0xf2,0x08,0x13,0x04,0x66,
    0xac,0xde,0xe0,0xd9,0x0f,0xce,0xa2,0xb7,0x50,0xf2,0x0d,0x99,0x3c,0x2c,0x11,0x27,
    0x28,0xed,0xc7,0x0c,0x3c,0x9a,0x0b,0x0f,0x41,0xcd,0x1c,0x71,0x40,0x53,0x1c,0x00,
    0xbb,0x58,0x0d,0x80,0x43,0xb1,0x3a,0xc9,0x84,0xd7,0x5e,0xc8,0xc4,0xaf,0xf1,0x64,
    0x68,0x73,0xbd,0xe7,0xad,0x04,0xa5,0x9a,0x00,0x49,0x55,0x45,0x18,0xcf,0x52,0x63,
    0x4d,0x3a,0xce,0x4f,0xff,0x01,0xe6,0x61,0x95,0x52,0x0a,0x43,0x6c,0x7f,0x85,0x25,
    0xd6,0x9c,0xe0,0xb0,0x24,0x49,0xd1,0xcc,0x7f,0x7f,0xcb,0xfa,0x43,0x3a,0xe5,0x8f,
    0x05,0x68,0x2f,0xae,0xb2,0xdd,0x9d,0xb3,0xa4,0x3b,0xd9,0xee,0x27,0x25,0x72,0xaa,
    0x5d,0x80,0xfb,0x3d,0x86,0x7f,0x2e,0xa2,0x89,0x68,0x80,0x5d,0x7e,0x9e,0xc7,0x50,
    0x0a,0x3b,0x55,0x6d,0xbb,0x8f,0x52,0x96,0x67,0x0f,0xd5,0xb0,0x96,0x28,0x47,0xf3,
    0xae,0x07,0xe4,0xab,0x62,0x56,0x7a,0x39,0xdd,0x82,0x2f,0xe6,0x13,0xd5,0x90,0x83,
    0xc6,0xef,0x53,0xd8,0xcb,0x9d,0xe5,0x4f,0x0d,0x89,0xb1,0x91,0x84,0xe9,0xb2,0x4f,
    0xa0,0x56,0x2e,0x8d,0xdd,0xc9,0x5c,0x75,0xba,0x3d,0xd5,0x0b,0x16,0x8e,0x79,0xb1,
    0xf1,0x66,0xa6,0x11,0x43,0xef,0x05,0xd1,0x7a,0x99,0xba,0xb0,0x13,0xca,0x8c,0xc2,
    0x9d,0xd8,0xe8,0x2b,0xda,0x81,0x67,0x39,0x8a,0xbc,0x83,0xbc,0xe1,0x14,0x4b,0x94,
    0x86,0x36,0x54,0xc5,0xdd,0x11,0x1a,0x27,0x5b,0x73,0x14,0x2e,0x9d,0x39,0x05,0x2e,
    0xf1,0xeb,0x6a,0xe4,0x52,0xf2,0x21,0xc4,0x53,0x7e,0xe7,0xaa,0xd5,0x6b,0x70,0x1c,
    0x8a,0x22,0x2a,0xf5,0xcd,0xa1,0xde,0xb7,0x93,0x6b,0x36,0x32,0xda,0xe9,0xe0,0x61,
    0x92,0x58,0xd8,0x7c,0x68,0x26,0x8e,0xa1,0xd0,0x33,0x9f,0xd9,0x13,0xdf,0xc1,0x58,
    0x91,0x09,0x39,0x86,0x76,0xd1,0x58,0x11,0x26,0xcc,0x88,0x6d,0x77,0x87,0xf3,0x59,
    0xf3,0x76,0x10,0x35,0xc3,0x5b,0xee,0x95,0xa8,0x16,0xf7,0x09,0x3d,0x70,0x6a,0x39,
    0xa4,0x47,0x90,0x56,0x02,0x7f,0xdc,0x01,0xc6,0xe4,0x99,0x81,0x9d,0xc7,0xa1,0x6a,
    0xbb,0x02,0xd9,0xb6,0x67,0x90,0x0d,0x89,0x7a,0x37,0xb5,0xfa,0x66,0x63,0x42,0x11,
    0x43,0xaf,0xec,0x92,0x97,0x43,0x07,0x8f,0x19,0x3f,0xf1,0x77,0x6a,0x86,0xea,0x46,
    0x96,0x29,0xe6,0x48,0xb6,0xf5,0x6e,0x33,0x6d,0xa4,0x79,0xdd,0x4a,0x39,0x91,0xb3,
    0x6e,0x20,0x1c,0x05,0x95,0xd4,0x57,0xb8,0xc5,0x2f,0x7a,0x4e,0x15,0xf1,0xa2,0x47,
    0x34,0x67,0x27,0x00,0xbe,0x03,0x07,0x5a,0x96,0x2b,0x5d,0xaf,0xa5,0x2b,0x74,0xd7,
    0x08,0x67,0xeb,0x33,0x93,0x2c,0x17,0x75,0x2f,0x21,0x35,0x32,0x80,0x79,0x1b,0xe7,
    0x6e,0x25,0x0c,0x36,0x35,0xdd,0xb7,0x37,0x04,0xb7,0x47,0xce,0x0c,0xe2,0x50,0xe6,
    0x2b,0xbd,0x5d,0x05,0xa2,0x76,0xf0,0x1c,0xb6,0x24,0x2f,0x1d,0xee,0xd5,0x2d,0x89,
    0x56,0xea,0x5a,0xb9,0xce,0x2d,0x78,0x97,0x1a,0x8f,0xef,0x53,0x28,0x72,0x62,0x89,
    0x2a,0x11,0xd5,0xea,0x83,0x82,0x28,0xaf,0x2c,0x8b,0xbb,0xd6,0x92,0xca,0x0f,0x26,
    0x63,0x35,0xcc,0xb3,0x69,0xc8,0xe2,0xb1,0x7c,0xf1,0x2a,0x45,0xb1,0x55,0xc5,0xe0,
    0x9a,0x0d,0xfa,0x41,0xe9,0x09,0xbb,0xe5,0x12,0xb6,0x60,0xdc,0x8e,0x7b,0xb1,0x0d,
    0xa8,0x40,0x60,0xf6,0xa9,0x99,0x58,0xb6,0x84,0xe7,0x58,0xfa,0x0b,0xe6,0xf2,0x32,
    0x2d,0xc5,0xad,0x28,0x80,0xe9,0xbc,0x4a,0x2b,0xd0,0x46,0x80,0x95,0xd9,0x7e,0xfd,
    0xd1,0x2f,0x7a,0xcf,0x9d,0xbf,0xa9,0x2b,0xa7,0xde,0x49,0x5a,0x88,0xda,0x63,0x43,
    0xaa,0xbd,0x2b,0x6a,0x6f,0x33,0x4d,0xea,0x89,0xa6,0x26,0xc7,0x19,0x4a,0x37,0xc3,
    0xb0,0x0e,0x46,0xde,0xd2,0x02,0xe5,0x3c,0x37,0x4a,0x18,0x46,0x1e,0xb7,0x14,0x67,
    0x3b,0x0e,0x08,0xc7,0xf4,0xcb,0x8f,0x79,0xe0,0x3c,0xb9,0x83,0x9b,0xd7,0xfd,0x52,
    0xa8,0xb6,0x03,0x45,0x7a,0xa8,0xc4,0x3e,0xa8,0x0d,0xa7,0x5a,0xfb,0x29,0xd2,0x00,
    0x3f,0xf7,0x62,0x12,0xe1,0xa6,0xc1,0x29,0x26,0x7e,0x9e,0x33,0x6f,0xc9,0xe4,0x7e,
    0xc3,0xc7,0x39,0xc8,0x6e,0x8f,0xe8,0x43,0x73,0x1f,0x47,0xc9,0xc9,0x08,0x6f,0xe0,
    0xca,0x03,0xa5,0x4b,0x94,0x6e,0x05,0x25,0x3d,0xd8,0x18,0x2c,0xfd,0x17,0x72,0x9b,
    0xaf,0xaf,0xb5,0x9b,0x01,0x54,0xac,0xba,0x04,0x34,0xb8,0x84,0xaa,0x9c,0x4e,0x24,
    0xb1,0x92,0xf2,0xc7,0x08,0xe7,0x75,0x00,0xe0,0x89,0x8d,0x15,0x07,0x62,0x2f,0x34,
    0x60,0x0a,0x31,0x99,0xc5,0x17,0xd3,0x47,0xf4,0x2e,0x43,0x81,0xc2,0x40,0x47,0x6c,
    0x87,0xfc,0xdb,0x94,0x3b,0xca,0x52,0x4d,0x2a,0x17,0x1a,0xc7,0x9f,0x5b,0x5d,0x64,
    0xad,0x1f,0xcb,0xfb,0xe8,0x66,0x48,0x79,0x78,0xce,0x20,0x56,0x27,0x83,0x16,0xda,
    0x0b,0x69,0x57,0x60,0x4f,0x57,0x4a,0x75,0xe2,0xf3,0x43,0xab,0x7c,0xa4,0x15,0xf9,
    0x03,0x4f,0x36,0xba,0xcc,0xbf,0x29,0xc8,0xcb,0xb6,0x54,0x45,0x9f,0x4f,0xb2,0xb6,
    0x40,0xe3,0x6f,0xb9,0x79,0x33,0x7d,0xae,0xed,0xd2,0x49,0xde,0xb5,0xe8,0xda,0xd0,
    0xb7,0xca,0x1c,0x0b,0x6d,0xd8,0x04,0x40,0x54,0x66,0xa4,0x27,0x10,0x30,0x4c,0x87,
    0x31,0xbc,0x90,0x08,0xbd,0xc5,0x48,0x98,0x7d,0x9e,0x67,0x90,0x36,0xbf,0x94,0xc3,
    0xba,0x69,0xb3,0x71,0xf1,0xd0,0x75,0x84,0xac,0x33,0xaa,0x8e,0x55,0x6e,0x7c,0xba,
    0x73,0xfc,0x72,0x2b,0xe1,0xc5,0xe1,0x5b,0xf0,0x1e,0xa5,0x66,0x56,0x57,0xeb,0x0d,
    0x23,0x6c,0x29,0x67,0x8f,0xf6,0x65,0x6e,0xd1,0x66,0x8b,0x8e,0xa5,0x92,0xf7,0xf5,
    0xcf,0xcb,0xce,0x77,0x27,0xbc,0x33,0x1a,0x77,0x89,0x30,0x97,0xa3,0x90,0x5d,0xc3,
    0x9a,0x20,0x3c,0x11,0x78,0xe1,0x51,0xda,0xab,0x48,0xa9,0x6f,0x2d,0xad,0xd1,0xd6,
    0x29,0x0b,0xe0,0x81,0xe8,0x44,0x42,0x7b,0xa1,0xc0,0x37,0x69,0xd3,0x0c,0x04,0x46,
    0xd5,0x3a,0xc8,0x74,0xbc,0xbc,0xca,0x15,0x30,0xa5,0x0f,0x3b,0x71,0x9f,0x87,0x5b,
    0x62,0x88,0xdc,0xa8,0x22,0x7a,0x45,0xba,0x8d,0xfd,0xf1,0x1a,0x91,0xe5,0x6b,0x64,
    0x51,0x7f,0x50,0x1b,0x15,0xac,0x14,0x90,0x21,0xff,0xca,0x4d,0xbd,0x68,0x33,0x53,
    0x3e,0x93,0x53,0x26,0xe8,0x79,0x5b,0xb7,0x53,0x76,0xaa,0xf3,0x31,0x43,0x52,0xd3,
    0x10,0x49,0xe7,0xef,0x5b,0x55,0x9c,0x92,0x2c,0xb3,0x54,0x1c,0xef,0xc1,0xa3,0xe5,
    0xe6,0xfd,0x9b,0x63,0x0d,0x6f,0xb7,0xdf,0xcd,0x8e,0xfb,0x7b,0x71,0xaa,0x26,0x18,
    0xb7,0xc8,0x7d,0x57,0xb0,0x3d,0x57,0xc7,0x86,0x41,0x00,0xe1,0x19,0x88,0xbe,0x68,
    0xcd,0x30,0x6c,0x21,0x3e,0xb8,0x64,0xca,0xea,0xd9,0x95,0xed,0x70,0x71,0x60,0xde,
    0x24,0xd0,0x7d,0xfd,0x59,0x93,0xf9,0xdc,0x28,0xeb,0xeb,0x01,0xb4,0xfe,0xb6,0x39,
    0xbf,0xd5,0xd7,0x3e,0x8c,0xdc,0x4f,0xd6,0x68,0x45,0xf8,0xbe,0x82,0x4d,0x8a,0xca,
    0x3a,0x93,0x76,0x6f,0x71,0xe9,0x9b,0x66,0x6b,0x93,0xfd,0x32,0x04,0x18,0x88,0xe9,
    0x09,0xa6,0x7b,0x89,0xc1,0xf9,0x40,0x6d,0x3b,0x59,0x66,0x12,0x9b,0x9c,0x89,0xfc,
    0x4b,0x14,0x35,0xe2,0xe3,0xa2,0x22,0xcd,0x8c,0x33,0x66,0x2f,0x52,0x67,0xf4,0x13,
    0x12,0x49,0x3a,0xd7,0x80,0xd2,0x53,0x59,0xa7,0x9d,0x20,0xe3,0x60,0xcd,0xbe,0x8d,
    0x5f,0xe1,0xde,0x89,0x2e,0x0b,0xcc,0xbe,0x24,0x71,0xd5,0xcb,0x65,0x26,0x69,0x79,
    0x3b,0xf2,0xba,0x66,0x91,0xfe,0x00,0xf7,0x3c,0x4a,0x0b,0xfa,0xd3,0x03,0xb2,0x7f,
    0x1c,0x3e,0x27,0x74,0xeb,0x0f,0xb4,0xa1,0x72,0xec,0x82,0x1f,0xca,0x41,0xb4,0x9d,
    0x9e,0x4d,0x09,0x05,0x8f,0x7e,0x3f,0xff,0x04,0xa7,0xff,0x8e,0x61,0xbf,0x64,0x4d,
    0xd8,0xe8,0xde,0x92,0x0a,0x51,0x2d,0x25,0x0e,0xf9,0x28,0xed,0xaa,0x3b,0x83,0xb4,
    0x92,0x07,0x9f,0x33,0x43,0x64,0xc5,0xec,0x8f,0x60,0x2e,0x31,0x62,0x69,0x8f,0xb0,
    0xc7,0x84,0x02,0xda,0x26,0xb1,0x2a,0x10,0x01,0x56,0xfd,0x23,0xb0,0x5e,0x2a,0x2f,
    0x17,0x73,0x7d,0x97,0xad,0x14,0x16,0x89,0xdc,0xd4,0x01,0x5f,0x21,0xe6,0x87,0xe3,
    0x9f,0xcb,0xb9,0x5c,0xc6,0x89,0x52,0x3e,0x9c,0xf7,0x11,0x99,0xc2,0x01,0x00,0x98,
    0x94,0xc8,0x34,0xab,0xe6,0xa0,0x70,0x3d,0xb1,0x73,0xa4,0x74,0x1c,0x3b,0x15,0x6f,
    0x94,0x83,0x90,0x70,0xd7,0x40,0x76,0xbb,0x0b,0xca,0x46,0x3e,0x79,0x50,0xfa,0x67,
    0x5b,0x93,0xbd,0x2a,0xcf,0xe2,0x12,0x80,0xc4,0xea,0x75,0xf5,0x3f,0x4a,0xe5,0xfe,
    0xa5,0xa9,0xbb,0xcf,0x3f,0xc9,0x37,0x8a,0x26,0xd4,0x78,0xec,0x44,0xd3,0x37,0xc6,
    0x6c,0x56,0xbd,0xcc,0x05,0x9f,0x06,0xc0,0x44,0x85,0x38,0xb3,0x0f,0xec,0xb3,0x1c,
    0xf4,0x40,0x9b,0x09,0x6c,0x74,0xba,0x75,0x94,0xbf,0xfe,0xb0,0xef,0x70,0x55,0x20,
    0x10,0x54,0x7b,0x74,0xd6,0xfb,0x16,0x9d,0x6d,0xe0,0x3f,0x70,0x2f,0xdb,0xee,0x70,
    0x01,0x61,0x92,0x8d,0x61,0x8b,0x76,0xa1,0x89,0x3e,0xbe,0x58,0xbf,0x7e,0xf8,0xf0,
    0x28,0x88,0x8a,0xf7,0x58,0x95,0x47,0x8f,0x8a,0xef,0x69,0x52,0xe4,0xc9,0xf2,0x70,
    0x31,0x66,0x83,0x03,0x86,0x05,0x62,0xad,0x6b,0xb0,0x32,0x10,0xaf,0xfc,0x19,0x50,
    0x9e,0x63,0x5b,0x71,0xdc,0x49,0xd6,0x75,0xbe,0x3a,0x12,0x21,0x0a,0xef,0xb8,0x72,
    0x6d,0xe0,0x33,0x90,0x36,0xb2,0xb8,0x85,0x78,0xed,0x73,0xb0,0x47,0xdf,0x0e,0x0f,
    0xd0,0xf4,0xef,0xf3,0x40,0xc7,0x10,0xd8,0x3f,0xf1,0xec,0xc4,0x1e,0x0c,0xd5,0x69,
    0x1a,0xfb,0xee,0xb2,0x23,0x95,0xa4,0xbd,0xc9,0xcd,0xb1,0xed,0x45,0xc8,0xe4,0xcc,
    0x39,0xcb,0x26,0x02,0xfb,0x42,0xe4,0x28,0x6f,0x3c,0x12,0xd7,0x1e,0x27,0x8d,0xd3,
    0x8f,0xd0,0x9d,0xf6,0xa8,0x5f,0x3a,0x14,0x41,0x4e,0xb8,0x7b,0xc6,0x53,0x7c,0xb8,
    0x02,0xe7,0x85,0x1b,0x47,0xd9,0x7f,0x1c,0x8a,0x66,0x28,0xc6,0x17,0xea,0x3f,0xa6,
    0xa4,0xa5,0x35,0x0a,0x8f,0x3b,0x3f,0x58,0xd6,0xa5,0xc6,0xa1,0x78,0xb1,0x00,0x6d,
    0xdb,0x02,0x9a,0x1e,0x76,0x5e,0x84,0xba,0x4d,0x5b,0x0b,0x7c,0x41,0xbc,0x72,0x77,
    0xb1,0xbb,0x48,0x85,0xb9,0x07,0x3e,0xdd,0xdb,0xd8,0xba,0x86,0xe5,0x34,0x99,0x91,
    0xed,0x1c,0x4c,0xd7,0x51,0x83,0xef,0x08,0xfa,0x42,0x51,0x44,0x6c,0xaf,0xf0,0x86,
    0x93,0xbf,0x85,0xd8,0x42,0xa2,0x45,0x5c,0x83,0xe8,0xcc,0x7a,0x83,0x58,0xda,0x77,
    0x19,0xfd,0x3b,0x5e,0x15,0x64,0xef,0x55,0xa0,0x9c,0x16,0x06,0xfa,0xe7,0x4c,0x8e,
    0x08,0xc1,0x6b,0x4e,0x96,0xc4,0xcc,0xe6,0x52,0x06,0x85,0xd2,0x97,0x4d,0x29,0xfc,
    0x94,0xae,0xa2,0xe2,0x4a,0x9a,0x71,0x49,0xb4,0xe1,0x79,0x45,0x76,0x2d,0x93,0x79,
    0x4d,0xfe,0x0b,0xa3,0xd5,0x8d,0xda,0xaa,0xaa,0x39,0x77,0xc6,0xa9,0x37,0xa0,0x5b,
    0x5f,0x97,0xca,0x38,0xff,0x59,0x33,0x1a,0x59,0x08,0x00,0x98,0xf9,0xf3,0xed,0x23,
    0xb3,0x78,0x7f,0xc5,0x52,0x2d,0x44,0x7e,0xa5,0xd9,0x82,0xd8,0x0a,0x75,0xc3,0xe1,
    0xd4,0x96,0x75,0x39,0x3b,0x6d,0xfd,0xed,0xe9,0x14,0x52,0xe8,0xfa,0xb8,0x36,0xa4,
    0xb9,0xde,0xb7,0x0d,0x8d,0xd6,0xff,0xbd,0x6d,0x1a,0x2d,0x02,0x79,0x51,0xac,0x38,
    0x2d,0xb9,0xd6,0x0c,0x4b,0x5b,0x80,0x00,0x6b,0x4e,0x3d,0xbb,0x8e,0x22,0x4a,0x54,
    0x2d,0x82,0x0f,0xe3,0x3c,0xc3,0xc7,0x1a,0x2b,0x3a,0xd4,0xec,0xac,0x07,0xb6,0x04,
    0x93,0x46,0x24,0xbe,0x77,0x0b,0xac,0xc4,0x50,0xdf,0x45,0x7c,0x99,0x3f,0x67,0x38,
    0x19,0xa3,0x0d,0x6e,0x64,0x2a,0xed,0x9e,0x88,0xe6,0x71,0x29,0x89,0x7d,0xa3,0xfa,
    0x2a,0xcc,0x5b,0xec,0xf3,0x75,0xbb,0xbe,0x27,0x0f,0x88,0xbe,0xab,0x5e,0x9e,0x08,
    0xa8,0xeb,0x2e,0xf7,0x1c,0xa8,0x0e,0x18,0xae,0x39,0x7e,0xdf,0x2c,0x33,0x27,0x3a,
    0x34,0xf9,0x19,0xa2,0x92,0x35,0x9c,0xb4,0x13,0x83,0xf6,0x6d,0xf4,0x35,0xfb,0x16,
    0x34,0x4e,0x94,0x24,0xdb,0xa3,0x81,0x31,0xbf,0x4f,0xd9,0xd5,0x5a,0x5f,0xf4,0xad,
    0x7d,0xfe,0x98,0xdf,0x0c,0x22,0xdc,0x83,0x6a,0xea,0xc5,0x59,0x16,0x91,0xff,0xca,
    0xdb,0xff,0x43,0x49,0xbf,0x46,0x36,0xf5,0x1e,0x32,0x77,0x02,0xf5,0x57,0x30,0xdf,
    0xb9,0x8e,0x43,0xdd,0xbe,0xf6,0xc2,0x31,0xb5,0x62,0x79,0x41,0xa5,0xc9,0xc4,0xb8,
    0x18,0xbe,0x5e,0x20,0x28,0x83,0x54,0x41,0xca,0x08,0xa8,0x34,0xdb,0x05,0xb9,0xd9,
    0x38,0xd2,0xd9,0x51,0x29,0x67,0xb6,0x9a,0xad,0xe3,0xc0,0x20,0xc9,0x9b,0x90,0x15,
    0xde,0x7b,0x2b,0x3c,0xff,0xf0,0x95,0xa6,0x65,0xcb,0x62,0x6e,0x51,0x37,0x1a,0x68,
    0x45,0x9a,0xdb,0x53,0x01,0x02,0xb3,0xf5,0xbc,0xf8,0xe6,0x88,0x0e,0x8d,0x93,0xf5,
    0x8d,0xad,0x24,0x54,0x5f,0x14,0xac,0x01,0x88,0x8e,0x29,0xf1,0x18,0x8a,0xc9,0x52,
    0xeb,0x21,0x6f,0xef,0xcf,0x88,0x05,0x04,0x80,0x6a,0x4d,0x44,0x80,0x16,0x20,0x8d,
    0x4b,0x74,0x4b,0xfd,0xae,0x2b,0x61,0x14,0x58,0x82,0x7f,0x91,0xef,0x2e,0x7d,0x87,
    0xe8,0x46,0xed,0xe0,0x39,0x62,0xf8,0xa7,0x2b,0x76,0x2a,0xa1,0x4e,0xb8,0x2d,0x36,
    0x73,0x1c,0x17,0xd0,0xcb,0xf3,0x7c,0x25,0xdd,0xc4,0x35,0x6a,0xd6,0xf6,0x6e,0x63,
    0xa7,0x40,0xfe,0x51,0x53,0xcf,0x08,0x96,0x16,0xe7,0x9b,0xc0,0x6c,0x9a,0x29,0x8c,
    0x36,0x26,0x60,0x8e,0x40,0x1b,0xd9,0x29,0x10,0x0b,0x62,0x7f,0xec,0x31,0x46,0x4c,
    0x7b,0x13,0x72,0x75,0x7e,0x3a,0xd9,0x1e,0x6f,0xec,0xb6,0xc5,0x1c,0x47,0x32,0x79,
    0x59,0x63,0x32,0x60,0x6b,0x45,0xb3,0x71,0x26,0x5e,0xb2,0xdb,0x76,0xdb,0x86,0x6e,
    0x91,0xb2,0x6f,0x8b,0x3d,0x7c,0xd6,0xea,0xcd,0x5e,0xf6,0x2d,0x9a,0x35,0xce,0xa6,
    0x9c,0x07,0x65,0x02,0x07,0xd1,0xd5,0xee,0x81,0xf6,0x8a,0xd1,0x28,0x56,0x75,0x7d,
    0x82,0x3c,0x87,0x4d,0x63,0xb9,0x2f,0xad,0x52,0xc3,0x78,0xb4,0xe3,0x1e,0xdd,0x4a,
    0xc7,0xf8,0x8d,0xce,0x01,0x10,0xb1,0x92,0x5b,0xc5,0xfd,0x4f,0x28,0x18,0x6e,0x59,
    0xfa,0xfb,0x9a,0xfe,0x96,0x61,0x21,0xf7,0xe0,0xd7,0xee,0x8e,0x9a,0xb3,0x57,0xbc,
};

/* ============================================================================
 * Weight Accessor Macros
 * ============================================================================ */

#define chv4_w1(j, i)    ((int8_t)CHV4_WEIGHT_BYTES[(j)*64 + (i)])
#define chv4_b1(j)       ((int8_t)CHV4_WEIGHT_BYTES[8192 + (j)])
#define chv4_w2(i, j)    ((int8_t)CHV4_WEIGHT_BYTES[8320 + (i)*128 + (j)])
#define chv4_b2(i)       ((int8_t)CHV4_WEIGHT_BYTES[16512 + (i)])
#define chv4_scale1(j)   ((int16_t)(224 + (CHV4_WEIGHT_BYTES[16576 + (j)] & 0x3Fu)))
#define chv4_scale2(i)   ((int16_t)(224 + (CHV4_WEIGHT_BYTES[16704 + (i)] & 0x3Fu)))

/* ============================================================================
 * Keccak-f[1600] Permutation
 * ============================================================================ */

static inline uint64_t rotl64(uint64_t x, int n) {
    return (x << n) | (x >> (64 - n));
}

static void keccak_f1600(uint64_t state[25]) {
    uint64_t bc[5], t;
    for (int round = 0; round < 24; round++) {
        for (int i = 0; i < 5; i++)
            bc[i] = state[i] ^ state[i+5] ^ state[i+10] ^ state[i+15] ^ state[i+20];
        for (int i = 0; i < 5; i++) {
            t = bc[(i+4)%5] ^ rotl64(bc[(i+1)%5], 1);
            for (int j = 0; j < 25; j += 5) state[j+i] ^= t;
        }
        t = state[1];
        for (int i = 0; i < 24; i++) {
            int j = KECCAK_PILN[i];
            bc[0] = state[j];
            state[j] = rotl64(t, KECCAK_ROTC[i]);
            t = bc[0];
        }
        for (int j = 0; j < 25; j += 5) {
            for (int i = 0; i < 5; i++) bc[i] = state[j+i];
            for (int i = 0; i < 5; i++) state[j+i] ^= (~bc[(i+1)%5]) & bc[(i+2)%5];
        }
        state[0] ^= KECCAK_RC[round];
    }
}

/* ============================================================================
 * Keccak-256  (rate=136, Keccak pad 0x01)
 * ============================================================================ */

static void keccak256(const uint8_t *input, size_t input_len, uint8_t output[32]) {
    uint64_t state[25];
    memset(state, 0, sizeof(state));
    const size_t rate = 136;
    size_t offset = 0;

    while (offset + rate <= input_len) {
        for (size_t i = 0; i < rate/8; i++) {
            uint64_t w = 0;
            for (int j = 0; j < 8; j++) w |= ((uint64_t)input[offset + i*8 + j]) << (j*8);
            state[i] ^= w;
        }
        keccak_f1600(state);
        offset += rate;
    }

    uint8_t block[200];
    memset(block, 0, rate);
    size_t rem = input_len - offset;
    if (rem) memcpy(block, input + offset, rem);
    block[rem] = 0x01;
    block[rate-1] |= 0x80;
    for (size_t i = 0; i < rate/8; i++) {
        uint64_t w = 0;
        for (int j = 0; j < 8; j++) w |= ((uint64_t)block[i*8+j]) << (j*8);
        state[i] ^= w;
    }
    keccak_f1600(state);

    for (int i = 0; i < 4; i++)
        for (int j = 0; j < 8; j++)
            output[i*8+j] = (uint8_t)(state[i] >> (j*8));
}

/* ============================================================================
 * SHA3-512  (rate=72, SHA3 pad 0x06)
 * ============================================================================ */

static void sha3_512(const uint8_t *input, size_t input_len, uint8_t output[64]) {
    uint64_t state[25];
    memset(state, 0, sizeof(state));
    const size_t rate = 72;
    size_t offset = 0;

    while (offset + rate <= input_len) {
        for (size_t i = 0; i < rate/8; i++) {
            uint64_t w = 0;
            for (int j = 0; j < 8; j++) w |= ((uint64_t)input[offset + i*8 + j]) << (j*8);
            state[i] ^= w;
        }
        keccak_f1600(state);
        offset += rate;
    }

    uint8_t block[200];
    memset(block, 0, rate);
    size_t rem = input_len - offset;
    if (rem) memcpy(block, input + offset, rem);
    block[rem] = 0x06;
    block[rate-1] |= 0x80;
    for (size_t i = 0; i < rate/8; i++) {
        uint64_t w = 0;
        for (int j = 0; j < 8; j++) w |= ((uint64_t)block[i*8+j]) << (j*8);
        state[i] ^= w;
    }
    keccak_f1600(state);

    for (int i = 0; i < 8; i++)
        for (int j = 0; j < 8; j++)
            output[i*8+j] = (uint8_t)(state[i] >> (j*8));
}

/* ============================================================================
 * Golden Matrix
 * ============================================================================ */

static void golden_matrix(const uint8_t input[64], uint8_t output[64]) {
    const int SZ = 8;
    uint64_t matrix[8][8], result[8];

    for (int i = 0; i < SZ; i++)
        for (int j = 0; j < SZ; j++)
            matrix[i][j] = (uint64_t)input[(i*SZ + j) % 64];

    for (int i = 0; i < SZ; i++) {
#ifdef __SIZEOF_INT128__
        __uint128_t sum = 0;
        for (int j = 0; j < SZ; j++)
            sum += (__uint128_t)matrix[i][j] * (__uint128_t)PHI_POWERS_FP[i+j];
        result[i] = (uint64_t)(sum >> 32);
#else
        uint64_t sum_lo = 0, sum_hi = 0;
        for (int j = 0; j < SZ; j++) {
            uint64_t a = matrix[i][j], b = PHI_POWERS_FP[i+j];
            uint64_t a_lo = a & 0xFFFFFFFF, a_hi = a >> 32;
            uint64_t b_lo = b & 0xFFFFFFFF, b_hi = b >> 32;
            uint64_t p0 = a_lo*b_lo, p1 = a_lo*b_hi, p2 = a_hi*b_lo, p3 = a_hi*b_hi;
            uint64_t mid = p1 + (p0 >> 32); mid += p2;
            if (mid < p2) sum_hi++;
            uint64_t lo = (p0 & 0xFFFFFFFF) | ((mid & 0xFFFFFFFF) << 32);
            uint64_t hi = p3 + (mid >> 32);
            uint64_t old_lo = sum_lo; sum_lo += lo;
            if (sum_lo < old_lo) sum_hi++; sum_hi += hi;
        }
        result[i] = (sum_lo >> 32) | (sum_hi << 32);
#endif
    }

    for (int i = 0; i < SZ; i++) {
        uint64_t v = result[i];
        for (int j = 0; j < 8; j++) output[i*8+j] = (uint8_t)(v >> (j*8));
    }
}

/* ============================================================================
 * AES-128 software implementation (FIPS 197)
 * Used in Cosmic Fusion — matches Rust `aes` crate Aes128 output exactly.
 * ============================================================================ */

static const uint8_t AES_SBOX[256] = {
    0x63,0x7c,0x77,0x7b,0xf2,0x6b,0x6f,0xc5,0x30,0x01,0x67,0x2b,0xfe,0xd7,0xab,0x76,
    0xca,0x82,0xc9,0x7d,0xfa,0x59,0x47,0xf0,0xad,0xd4,0xa2,0xaf,0x9c,0xa4,0x72,0xc0,
    0xb7,0xfd,0x93,0x26,0x36,0x3f,0xf7,0xcc,0x34,0xa5,0xe5,0xf1,0x71,0xd8,0x31,0x15,
    0x04,0xc7,0x23,0xc3,0x18,0x96,0x05,0x9a,0x07,0x12,0x80,0xe2,0xeb,0x27,0xb2,0x75,
    0x09,0x83,0x2c,0x1a,0x1b,0x6e,0x5a,0xa0,0x52,0x3b,0xd6,0xb3,0x29,0xe3,0x2f,0x84,
    0x53,0xd1,0x00,0xed,0x20,0xfc,0xb1,0x5b,0x6a,0xcb,0xbe,0x39,0x4a,0x4c,0x58,0xcf,
    0xd0,0xef,0xaa,0xfb,0x43,0x4d,0x33,0x85,0x45,0xf9,0x02,0x7f,0x50,0x3c,0x9f,0xa8,
    0x51,0xa3,0x40,0x8f,0x92,0x9d,0x38,0xf5,0xbc,0xb6,0xda,0x21,0x10,0xff,0xf3,0xd2,
    0xcd,0x0c,0x13,0xec,0x5f,0x97,0x44,0x17,0xc4,0xa7,0x7e,0x3d,0x64,0x5d,0x19,0x73,
    0x60,0x81,0x4f,0xdc,0x22,0x2a,0x90,0x88,0x46,0xee,0xb8,0x14,0xde,0x5e,0x0b,0xdb,
    0xe0,0x32,0x3a,0x0a,0x49,0x06,0x24,0x5c,0xc2,0xd3,0xac,0x62,0x91,0x95,0xe4,0x79,
    0xe7,0xc8,0x37,0x6d,0x8d,0xd5,0x4e,0xa9,0x6c,0x56,0xf4,0xea,0x65,0x7a,0xae,0x08,
    0xba,0x78,0x25,0x2e,0x1c,0xa6,0xb4,0xc6,0xe8,0xdd,0x74,0x1f,0x4b,0xbd,0x8b,0x8a,
    0x70,0x3e,0xb5,0x66,0x48,0x03,0xf6,0x0e,0x61,0x35,0x57,0xb9,0x86,0xc1,0x1d,0x9e,
    0xe1,0xf8,0x98,0x11,0x69,0xd9,0x8e,0x94,0x9b,0x1e,0x87,0xe9,0xce,0x55,0x28,0xdf,
    0x8c,0xa1,0x89,0x0d,0xbf,0xe6,0x42,0x68,0x41,0x99,0x2d,0x0f,0xb0,0x54,0xbb,0x16
};
static const uint8_t AES_RCON[11] = {
    0x00,0x01,0x02,0x04,0x08,0x10,0x20,0x40,0x80,0x1b,0x36
};

static inline uint8_t aes_xtime(uint8_t a) {
    return (uint8_t)(((a << 1) ^ (((a >> 7) & 1) ? 0x1b : 0x00)) & 0xFF);
}

static inline uint8_t aes_mul(uint8_t a, uint8_t b) {
    uint8_t r = 0, aa = a;
    for (int i = 0; i < 8; i++) {
        if (b & 1) r ^= aa;
        aa = aes_xtime(aa);
        b >>= 1;
    }
    return r;
}

/* Expand 128-bit key into 11 round keys (176 bytes) */
static void aes128_key_expand(const uint8_t key[16], uint8_t rk[176]) {
    memcpy(rk, key, 16);
    for (int i = 1; i <= 10; i++) {
        uint8_t *prev = rk + (i-1)*16;
        uint8_t *cur  = rk +  i   *16;
        cur[ 0] = prev[ 0] ^ AES_SBOX[prev[13]] ^ AES_RCON[i];
        cur[ 1] = prev[ 1] ^ AES_SBOX[prev[14]];
        cur[ 2] = prev[ 2] ^ AES_SBOX[prev[15]];
        cur[ 3] = prev[ 3] ^ AES_SBOX[prev[12]];
        for (int j = 4; j < 16; j++) cur[j] = prev[j] ^ cur[j-4];
    }
}

/* Encrypt one 16-byte block in-place */
static void aes128_encrypt_block(const uint8_t rk[176], uint8_t blk[16]) {
    uint8_t s[16];
    memcpy(s, blk, 16);
    /* AddRoundKey initial */
    for (int i = 0; i < 16; i++) s[i] ^= rk[i];
    for (int round = 1; round <= 10; round++) {
        /* SubBytes */
        for (int i = 0; i < 16; i++) s[i] = AES_SBOX[s[i]];
        /* ShiftRows */
        uint8_t t;
        t=s[1]; s[1]=s[5]; s[5]=s[9]; s[9]=s[13]; s[13]=t;
        t=s[2]; s[2]=s[10]; s[10]=t; t=s[6]; s[6]=s[14]; s[14]=t;
        t=s[15]; s[15]=s[11]; s[11]=s[7]; s[7]=s[3]; s[3]=t;
        /* MixColumns (skipped in round 10) */
        if (round < 10) {
            for (int c = 0; c < 4; c++) {
                uint8_t a0=s[c*4],a1=s[c*4+1],a2=s[c*4+2],a3=s[c*4+3];
                s[c*4  ] = aes_mul(a0,2)^aes_mul(a1,3)^a2^a3;
                s[c*4+1] = a0^aes_mul(a1,2)^aes_mul(a2,3)^a3;
                s[c*4+2] = a0^a1^aes_mul(a2,2)^aes_mul(a3,3);
                s[c*4+3] = aes_mul(a0,3)^a1^a2^aes_mul(a3,2);
            }
        }
        /* AddRoundKey */
        for (int i = 0; i < 16; i++) s[i] ^= rk[round*16 + i];
    }
    memcpy(blk, s, 16);
}

/* ============================================================================
 * Cosmic Fusion — matches Rust fusion_round / cosmic_fusion_opt
 *
 * fusion_round(state[64], round):
 *   1. intermediate = Keccak256(state[0..32] || round)
 *   2. key1[16] = intermediate[0..16]
 *   3. block0 = AES128_encrypt(key=key1, state[32..48])
 *   4. key2 = key1 XOR tweaks: key2[0] ^= round, key2[15] ^= 0xAB
 *   5. block1 = AES128_encrypt(key=key2, state[48..64])
 *   6. mask[32] = block0 || block1
 *   7. state[32+i] ^= intermediate[i]   (upper half evolves)
 *      state[i]    = intermediate[i] ^ mask[i]  (lower half updates)
 * ============================================================================ */

static void fusion_round(uint8_t state[64], uint8_t round_num) {
    /* Step 1: Keccak256(state[0..32] || round_num) → intermediate[32] */
    uint8_t tmp[33];
    memcpy(tmp, state, 32);
    tmp[32] = round_num;
    uint8_t intermediate[32];
    keccak256(tmp, 33, intermediate);

    /* Step 2-3: AES128 block0 */
    uint8_t key1[16];
    memcpy(key1, intermediate, 16);
    uint8_t rk1[176];
    aes128_key_expand(key1, rk1);
    uint8_t block0[16];
    memcpy(block0, state + 32, 16);
    aes128_encrypt_block(rk1, block0);

    /* Step 4-5: AES128 block1 with tweaked key */
    uint8_t key2[16];
    memcpy(key2, key1, 16);
    key2[0]  ^= round_num;
    key2[15] ^= 0xAB;
    uint8_t rk2[176];
    aes128_key_expand(key2, rk2);
    uint8_t block1[16];
    memcpy(block1, state + 48, 16);
    aes128_encrypt_block(rk2, block1);

    /* Step 6: mask[32] = block0 || block1 */
    uint8_t mask[32];
    memcpy(mask,      block0, 16);
    memcpy(mask + 16, block1, 16);

    /* Step 7: update state (non-AVX2 path, matches Rust's #[cfg(not(avx2))] */
    for (int i = 0; i < 32; i++) {
        state[32 + i] ^= intermediate[i];           /* upper half evolves */
        state[i]       = intermediate[i] ^ mask[i]; /* lower half updates */
    }
}

static void cosmic_fusion(const uint8_t input[64], uint8_t output[32]) {
    uint8_t state[64];
    memcpy(state, input, 64);
    fusion_round(state, 0);
    fusion_round(state, 1);
    fusion_round(state, 2);
    fusion_round(state, 3);
    /* Final: SHA3-512(state[0..32]) → truncate to 32 bytes */
    uint8_t full[64];
    sha3_512(state, 32, full);
    memcpy(output, full, 32);
}


/* ============================================================================
 * CHv4 Scratchpad — Helper: read 4 bytes little-endian
 * ============================================================================ */

static inline uint32_t chv4_read_le32(const uint8_t *p) {
    return ((uint32_t)p[0])       |
           ((uint32_t)p[1] << 8)  |
           ((uint32_t)p[2] << 16) |
           ((uint32_t)p[3] << 24);
}

/* ============================================================================
 * CHv4 Scratchpad — init_scratchpad(pad, seed[64])
 * 1024 blocks, each = SHA3-512(prev_state[64] || block_idx_le8[8])
 * ============================================================================ */

static void chv4_init_scratchpad(uint8_t *pad, const uint8_t seed[64]) {
    uint8_t state[64];
    memcpy(state, seed, 64);

    uint8_t inp[72];  /* state[64] || blk_le8[8] */

    for (uint32_t blk = 0; blk < CHV4_BLOCK_COUNT; blk++) {
        memcpy(inp, state, 64);
        /* block index as little-endian uint64 */
        uint64_t idx = (uint64_t)blk;
        inp[64] = (uint8_t)(idx >>  0);
        inp[65] = (uint8_t)(idx >>  8);
        inp[66] = (uint8_t)(idx >> 16);
        inp[67] = (uint8_t)(idx >> 24);
        inp[68] = (uint8_t)(idx >> 32);
        inp[69] = (uint8_t)(idx >> 40);
        inp[70] = (uint8_t)(idx >> 48);
        inp[71] = (uint8_t)(idx >> 56);

        uint8_t next[64];
        sha3_512(inp, 72, next);
        memcpy(pad + (size_t)blk * CHV4_BLOCK_SIZE, next, 64);
        memcpy(state, next, 64);
    }
}

/* ============================================================================
 * CHv4 Scratchpad — mix_block  [mirrors Rust scratchpad.rs:mix_block]
 *
 * rand_index = (u64_le(pad[cur:8]) XOR pass XOR index) % blocks
 * SHA3-512(current[64] || prev[64] || random[64] || pass_le8 || index_le8)
 * pad[cur] ^= hash[64]
 * ============================================================================ */

static void chv4_mix_block(uint8_t *pad, uint32_t index, uint64_t pass, int forward) {
    uint32_t blocks = CHV4_BLOCK_COUNT;
    uint32_t prev_index;
    if (forward) {
        prev_index = (index == 0) ? (blocks - 1) : (index - 1);
    } else {
        prev_index = ((index + 1) == blocks) ? 0 : (index + 1);
    }

    size_t cur_off  = (size_t)index      * CHV4_BLOCK_SIZE;
    size_t prev_off = (size_t)prev_index * CHV4_BLOCK_SIZE;

    /* rand_index = (u64_le(pad[cur:8]) XOR pass XOR index) % blocks */
    uint64_t idx_u64;
    memcpy(&idx_u64, pad + cur_off, 8);
    uint64_t rand_u64 = idx_u64 ^ pass ^ (uint64_t)index;
    uint32_t rand_index = (uint32_t)(rand_u64 % (uint64_t)blocks);
    size_t rand_off = (size_t)rand_index * CHV4_BLOCK_SIZE;

    /* Snapshot all three blocks before writing */
    uint8_t current[64], prev[64], random_blk[64];
    memcpy(current,    pad + cur_off,  64);
    memcpy(prev,       pad + prev_off, 64);
    memcpy(random_blk, pad + rand_off, 64);

    /* inp[208] = current || prev || random || pass_le8 || index_le8 */
    uint8_t inp[208];
    memcpy(inp,       current,    64);
    memcpy(inp + 64,  prev,       64);
    memcpy(inp + 128, random_blk, 64);
    /* pass as LE64 */
    inp[192] = (uint8_t)(pass >>  0); inp[193] = (uint8_t)(pass >>  8);
    inp[194] = (uint8_t)(pass >> 16); inp[195] = (uint8_t)(pass >> 24);
    inp[196] = (uint8_t)(pass >> 32); inp[197] = (uint8_t)(pass >> 40);
    inp[198] = (uint8_t)(pass >> 48); inp[199] = (uint8_t)(pass >> 56);
    /* index as LE64 */
    uint64_t idx64 = (uint64_t)index;
    inp[200] = (uint8_t)(idx64 >>  0); inp[201] = (uint8_t)(idx64 >>  8);
    inp[202] = (uint8_t)(idx64 >> 16); inp[203] = (uint8_t)(idx64 >> 24);
    inp[204] = (uint8_t)(idx64 >> 32); inp[205] = (uint8_t)(idx64 >> 40);
    inp[206] = (uint8_t)(idx64 >> 48); inp[207] = (uint8_t)(idx64 >> 56);

    uint8_t mixed[64];
    sha3_512(inp, 208, mixed);

    for (int i = 0; i < 64; i++) pad[cur_off + i] ^= mixed[i];
}

/* ============================================================================
 * CHv4 Scratchpad — sequential_passes  [mirrors Rust sequential_passes]
 * ============================================================================ */

static void chv4_sequential_passes(uint8_t *pad) {
    uint32_t blocks = CHV4_BLOCK_COUNT;
    for (uint32_t pass = 0; pass < CHV4_PASSES; pass++) {
        int fwd = (pass % 2 == 0);
        if (fwd) {
            for (uint32_t i = 0; i < blocks; i++)
                chv4_mix_block(pad, i, (uint64_t)pass, 1);
        } else {
            for (uint32_t i = blocks; i-- > 0;)
                chv4_mix_block(pad, i, (uint64_t)pass, 0);
        }
    }
}

/* ============================================================================
 * CHv4 Scratchpad — random_read_mix  [mirrors Rust random_read_mix]
 *
 * seed = gm_out (step3), same as Rust — NOT s2!
 * pos  = u64_le(seed[:8]) % blocks
 * 256 iters: d = Keccak256(acc[64] || chunk[64] || r_le8);
 *            acc[:32] ^= d; acc[32:] += d;
 *            pos = (u64_le(d[:8]) XOR pos XOR r) % blocks
 * final: SHA3-512(acc || pad[:64] || pad[-64:]) → output[64]
 * ============================================================================ */

static void chv4_random_read_mix(const uint8_t seed[64],
                                  const uint8_t *pad,
                                  uint8_t output[64])
{
    uint32_t blocks = CHV4_BLOCK_COUNT;
    uint8_t acc[64];
    memcpy(acc, seed, 64);

    /* pos = u64_le(seed[:8]) % blocks */
    uint64_t pos_u64;
    memcpy(&pos_u64, seed, 8);
    uint32_t pos = (uint32_t)(pos_u64 % (uint64_t)blocks);

    uint8_t inp[136];  /* acc[64] || chunk[64] || r_le8[8] */

    for (uint32_t r = 0; r < CHV4_RANDOM_READS; r++) {
        size_t off = (size_t)pos * CHV4_BLOCK_SIZE;
        memcpy(inp,      acc,         64);
        memcpy(inp + 64, pad + off,   64);
        uint64_t r64 = (uint64_t)r;
        inp[128] = (uint8_t)(r64 >>  0); inp[129] = (uint8_t)(r64 >>  8);
        inp[130] = (uint8_t)(r64 >> 16); inp[131] = (uint8_t)(r64 >> 24);
        inp[132] = (uint8_t)(r64 >> 32); inp[133] = (uint8_t)(r64 >> 40);
        inp[134] = (uint8_t)(r64 >> 48); inp[135] = (uint8_t)(r64 >> 56);

        uint8_t d[32];
        keccak256(inp, 136, d);

        /* acc[:32] ^= d;  acc[32:64] += d (wrapping) */
        for (int i = 0; i < 32; i++) {
            acc[i] ^= d[i];
            acc[32 + i] = (uint8_t)((acc[32 + i] + d[i]) & 0xFF);
        }

        /* next pos = (u64_le(d[:8]) XOR pos XOR r) % blocks */
        uint64_t next_u64;
        memcpy(&next_u64, d, 8);
        pos = (uint32_t)((next_u64 ^ (uint64_t)pos ^ (uint64_t)r) % (uint64_t)blocks);
    }

    /* final: SHA3-512(acc || pad[:64] || pad[last_64:]) */
    uint8_t final_inp[192];
    memcpy(final_inp,       acc,                                             64);
    memcpy(final_inp + 64,  pad,                                             64);
    memcpy(final_inp + 128, pad + (size_t)(blocks - 1) * CHV4_BLOCK_SIZE,   64);

    sha3_512(final_inp, 192, output);
}

/* ============================================================================
 * CHv4 Scratchpad — memory_hard_transform  [mirrors Rust memory_hard_transform]
 *
 * Uses gm_out (step3) as seed for BOTH init_scratchpad and random_read_mix.
 * This matches Rust: memory_hard_transform(input=step3)
 *   → init_scratchpad(input, pad)
 *   → sequential_passes(pad)
 *   → random_read_mix(input, pad)  ← same input = gm_out
 * ============================================================================ */

static void chv4_memory_hard_transform(const uint8_t gm_out[64],
                                        uint8_t *pad,
                                        uint8_t output[64])
{
    chv4_init_scratchpad(pad, gm_out);   /* seed = gm_out = step3 */
    chv4_sequential_passes(pad);
    chv4_random_read_mix(gm_out, pad, output);
}

/* ============================================================================
 * CHv4 NPU Mixing — integer implementation matching Rust algorithms_npu.rs
 *
 * Exact mirror of Rust npu_mixing_cpu_int8():
 *   Input:   (int8_t)input[i]  reinterpret (NOT -128 offset)
 *   Layer1:  acc = b1*32 + Σ(w1*input), h = clamp(acc>>12, -128,127)
 *   Norm1:   mean/variance LayerNorm with sqrt (data-dependent)
 *   GELU:    x*(128+x)>>8
 *   Layer2:  acc = b2*32 + Σ(w2*h), out = clamp(acc>>12, -128,127)
 *   Norm2:   same as Norm1
 *   Residual: out[i] = clamp(out[i] + input[i], -128, 127)
 *   Output:  (uint8_t)(out[i] & 0xFF)  two's complement
 * ============================================================================ */

static inline int32_t chv4_clamp128(int32_t x) {
    return x < -128 ? -128 : (x > 127 ? 127 : x);
}

static void chv4_layer_norm(int32_t *data, int n, const int16_t *scale) {
    int64_t sum = 0;
    for (int i = 0; i < n; i++) sum += data[i];
    int32_t mean = (int32_t)(sum / n);

    int64_t var_sum = 0;
    for (int i = 0; i < n; i++) {
        int64_t d = (int64_t)(data[i] - mean);
        var_sum += d * d;
    }
    int32_t std_approx = (int32_t)sqrt((double)(var_sum / (int64_t)n)) + 1;

    for (int i = 0; i < n; i++) {
        int32_t norm = (data[i] - mean) * 128 / std_approx;
        int32_t v = (norm * (int32_t)scale[i]) >> 8;
        data[i] = chv4_clamp128(v);
    }
}

static void chv4_npu_mixing(const uint8_t input[64], uint8_t output[64]) {
    /* 1. Input: signed reinterpret — (int8_t)input[i] → i32 */
    int32_t input_i32[64];
    for (int i = 0; i < 64; i++)
        input_i32[i] = (int32_t)(int8_t)input[i];

    /* 2. Layer 1: 64 → 128
     *    acc = b1[i]*32 + Σ(input_i32[j] * w1[i][j])
     *    h[i] = clamp(acc >> 12, -128, 127)                             */
    int32_t h[128];
    for (int i = 0; i < 128; i++) {
        int32_t acc = (int32_t)chv4_b1(i) * 32;
        for (int j = 0; j < 64; j++)
            acc += input_i32[j] * (int32_t)chv4_w1(i, j);
        h[i] = chv4_clamp128(acc >> 12);
    }

    /* 3. LayerNorm1 + GELU */
    {
        int16_t scale1[128];
        for (int i = 0; i < 128; i++) scale1[i] = chv4_scale1(i);
        chv4_layer_norm(h, 128, scale1);
    }
    for (int i = 0; i < 128; i++) {
        int32_t v = (h[i] * (128 + h[i])) >> 8;  /* gelu_int8 */
        h[i] = chv4_clamp128(v);
    }

    /* 4. Layer 2: 128 → 64
     *    acc = b2[i]*32 + Σ(h[j] * w2[i][j])
     *    out[i] = clamp(acc >> 12, -128, 127)                           */
    int32_t out_i32[64];
    for (int i = 0; i < 64; i++) {
        int32_t acc = (int32_t)chv4_b2(i) * 32;
        for (int j = 0; j < 128; j++)
            acc += h[j] * (int32_t)chv4_w2(i, j);
        out_i32[i] = chv4_clamp128(acc >> 12);
    }

    /* 5. LayerNorm2 */
    {
        int16_t scale2[64];
        for (int i = 0; i < 64; i++) scale2[i] = chv4_scale2(i);
        chv4_layer_norm(out_i32, 64, scale2);
    }

    /* 6. Residual add: out[i] = clamp(out[i] + input_i32[i], -128, 127) */
    for (int i = 0; i < 64; i++)
        out_i32[i] = chv4_clamp128(out_i32[i] + input_i32[i]);

    /* 7. Output: two's complement lower 8 bits (uint8_t)(v & 0xFF) */
    for (int i = 0; i < 64; i++)
        output[i] = (uint8_t)(out_i32[i] & 0xFF);
}


/* ============================================================================
 * Full CHv4 Pipeline (internal)
 * ============================================================================ */

static void cosmic_harmony_v4_compute(
    const uint8_t *block_header,
    size_t header_len,
    uint64_t nonce,
    uint8_t output[32]
) {
    /* inp[88] = header[0:80] || nonce_le8 */
    uint8_t inp[88];
    memset(inp, 0, 88);
    size_t clen = header_len < 80 ? header_len : 80;
    memcpy(inp, block_header, clen);
    inp[80] = (uint8_t)(nonce >>  0); inp[81] = (uint8_t)(nonce >>  8);
    inp[82] = (uint8_t)(nonce >> 16); inp[83] = (uint8_t)(nonce >> 24);
    inp[84] = (uint8_t)(nonce >> 32); inp[85] = (uint8_t)(nonce >> 40);
    inp[86] = (uint8_t)(nonce >> 48); inp[87] = (uint8_t)(nonce >> 56);

    /* Step 1: Keccak-256(inp) → s1[32] */
    uint8_t s1[32];
    keccak256(inp, 88, s1);

    /* Step 2: SHA3-512(s1) → s2[64]  (also scratchpad seed) */
    uint8_t s2[64];
    sha3_512(s1, 32, s2);

    /* Step 3: Golden Matrix(s2) → s3[64] */
    uint8_t s3[64];
    golden_matrix(s2, s3);

    /* Step 4: Memory-Hard transform → s4[64] */
    uint8_t *pad = (uint8_t *)malloc(CHV4_SCRATCHPAD_BYTES);
    if (!pad) {
        memset(output, 0xFF, 32);
        return;
    }
    uint8_t s4[64];
    chv4_memory_hard_transform(s3, pad, s4);
    free(pad);

    /* Step 5: NPU Mixing → s5[64] */
    uint8_t s5[64];
    chv4_npu_mixing(s4, s5);

    /* Step 6: Cosmic Fusion → output[32] */
    cosmic_fusion(s5, output);
}

/* ============================================================================
 * Weight byte accessor — exported so Metal ObjC backend can retrieve weights
 * without duplicating the 16 KiB static array.
 * ============================================================================ */
EXPORT const uint8_t* cosmic_harmony_v4_get_weights(size_t *out_len) {
    if (out_len) *out_len = 16960;
    return CHV4_WEIGHT_BYTES;
}

/* ============================================================================
 * GPU State — CPU fallback stubs (compiled only when Metal backend absent)
 *
 * When building with -DHAVE_METAL_GPU_RUNTIME these stubs are omitted and the
 * real Metal implementation from cosmic_harmony_v4_gpu_metal.m is linked in.
 * ============================================================================ */
#ifndef HAVE_METAL_GPU_RUNTIME

typedef struct {
    uint8_t  header[80];
    size_t   header_len;
    uint32_t batch_size;
    uint32_t device_id;
    int      initialized;
} CHv4GPUState;

static CHv4GPUState g_gpu_state = {0};

/* Forward declaration */
EXPORT const char* cosmic_harmony_v4_get_info(void);

EXPORT uint32_t cosmic_harmony_v4_gpu_count(void) {
#if defined(__APPLE__)
    return 1;  /* CPU fallback — still reports 1 so callers don't disable mining */
#else
    return 0;
#endif
}

EXPORT int32_t cosmic_harmony_v4_gpu_init(uint32_t device_id, uint32_t batch_size) {
    g_gpu_state.device_id   = device_id;
    g_gpu_state.batch_size  = batch_size;
    g_gpu_state.initialized = 1;
    printf("[CHv4 Native] GPU init (CPU fallback): device=%u, batch_size=%u\n", device_id, batch_size);
    printf("[CHv4 Native] Library: %s\n", cosmic_harmony_v4_get_info());
    return 0;
}

EXPORT int32_t cosmic_harmony_v4_gpu_mine(
    const uint8_t *header, size_t header_len,
    uint64_t nonce_start, const uint8_t *target,
    uint64_t *found_nonce, uint8_t *found_hash
) {
    if (!g_gpu_state.initialized) return -1;
    uint32_t batch = g_gpu_state.batch_size;

    for (uint32_t i = 0; i < batch; i++) {
        uint64_t nonce = nonce_start + i;
        uint8_t  hash[32];
        cosmic_harmony_v4_compute(header, header_len, nonce, hash);

        int below = 0;
        for (int j = 31; j >= 0; j--) {
            if (hash[j] < target[j]) { below = 1; break; }
            else if (hash[j] > target[j]) break;
        }
        if (below) {
            *found_nonce = nonce;
            memcpy(found_hash, hash, 32);
            return 1;
        }
    }
    return 0;
}

EXPORT void cosmic_harmony_v4_gpu_cleanup(void) {
    g_gpu_state.initialized = 0;
    printf("[CHv4 Native] GPU cleanup done (CPU fallback)\n");
}

#endif /* HAVE_METAL_GPU_RUNTIME */

/* ---  Hash functions  --- */

EXPORT int cosmic_harmony_v4_hash(
    const uint8_t *header, size_t header_len,
    uint64_t nonce, uint64_t height,
    uint8_t *output
) {
    (void)height;  /* CHv4 always active (fork_height=0) */
    if (!header || !output) return -1;
    cosmic_harmony_v4_compute(header, header_len, nonce, output);
    return 0;
}

EXPORT int cosmic_harmony_v4_hash_raw(
    const uint8_t *input88, uint64_t height, uint8_t *output
) {
    (void)height;
    if (!input88 || !output) return -1;
    /* Extract nonce from last 8 bytes */
    const uint8_t *n = input88 + 80;
    uint64_t nonce = (uint64_t)n[0]       | ((uint64_t)n[1] <<  8) |
                     ((uint64_t)n[2] << 16) | ((uint64_t)n[3] << 24) |
                     ((uint64_t)n[4] << 32) | ((uint64_t)n[5] << 40) |
                     ((uint64_t)n[6] << 48) | ((uint64_t)n[7] << 56);
    cosmic_harmony_v4_compute(input88, 80, nonce, output);
    return 0;
}

/* --- Compatibility alias for pool (cosmic_harmony_hash) --- */

EXPORT int cosmic_harmony_hash(
    const uint8_t *header, size_t header_len,
    uint64_t nonce, uint64_t height,
    uint8_t *output
) {
    return cosmic_harmony_v4_hash(header, header_len, nonce, height, output);
}

/* --- Individual step exports --- */

EXPORT void cosmic_harmony_v4_keccak256(const uint8_t *in, size_t len, uint8_t *out) {
    keccak256(in, len, out);
}
EXPORT void cosmic_harmony_v4_sha3_512(const uint8_t *in, size_t len, uint8_t *out) {
    sha3_512(in, len, out);
}
EXPORT void cosmic_harmony_v4_golden_matrix(const uint8_t *in, uint8_t *out) {
    golden_matrix(in, out);
}
EXPORT void cosmic_harmony_v4_cosmic_fusion(const uint8_t *in, uint8_t *out) {
    cosmic_fusion(in, out);
}
EXPORT void cosmic_harmony_v4_npu_mixing(const uint8_t *in, uint8_t *out) {
    chv4_npu_mixing(in, out);
}
EXPORT void cosmic_harmony_v4_memory_hard(const uint8_t *gm_out_64, uint8_t *output_64) {
    uint8_t *pad = (uint8_t *)malloc(CHV4_SCRATCHPAD_BYTES);
    if (!pad) { memset(output_64, 0xFF, 64); return; }
    chv4_memory_hard_transform(gm_out_64, pad, output_64);
    free(pad);
}

/* --- Info / capabilities --- */

EXPORT const char* cosmic_harmony_v4_get_info(void) {
#if HAS_NEON
    return "Cosmic Harmony v4 Native — NPU+Scratchpad (ARM NEON / Apple Silicon)";
#elif HAS_AVX2
    return "Cosmic Harmony v4 Native — NPU+Scratchpad (x86_64 AVX2)";
#else
    return "Cosmic Harmony v4 Native — NPU+Scratchpad (scalar)";
#endif
}

EXPORT int cosmic_harmony_v4_has_neon(void) { return HAS_NEON; }
EXPORT int cosmic_harmony_v4_has_avx2(void) { return HAS_AVX2; }

/* --- Benchmark --- */

EXPORT double cosmic_harmony_v4_benchmark(int duration_seconds) {
    uint8_t header[80];
    uint8_t output[32];
    memset(header, 0x42, 80);

    printf("=== Cosmic Harmony v4 Benchmark ===\n");
    printf("Library: %s\n", cosmic_harmony_v4_get_info());
    printf("Running for %d seconds...\n", duration_seconds);

    uint64_t total = 0;
    uint64_t nonce = 0;
    clock_t  start = clock();
    double   elapsed = 0.0;

    while (elapsed < duration_seconds) {
        cosmic_harmony_v4_compute(header, 80, nonce++, output);
        total++;
        if ((total % 10) == 0)
            elapsed = (double)(clock() - start) / CLOCKS_PER_SEC;
    }

    elapsed = (double)(clock() - start) / CLOCKS_PER_SEC;
    double hashrate = total / elapsed;
    printf("Total hashes: %llu\n", (unsigned long long)total);
    printf("Time: %.2f s\n", elapsed);
    printf("Hashrate: %.2f H/s\n", hashrate);
    printf("Sample hash: ");
    for (int i = 0; i < 32; i++) printf("%02x", output[i]);
    printf("\n");
    return hashrate;
}

/* ============================================================================
 * Main (standalone test)
 * ============================================================================ */

#ifdef BUILD_MAIN
int main(int argc, char **argv) {
    (void)argc; (void)argv;
    printf("=== ZION Cosmic Harmony v4 Native Library ===\n");
    printf("%s\n\n", cosmic_harmony_v4_get_info());

    const char *hdr = "ZION block header v2.9.6";
    uint8_t hash[32];
    cosmic_harmony_v4_compute((const uint8_t*)hdr, strlen(hdr), 12345, hash);
    printf("Test header: \"%s\"\n", hdr);
    printf("Nonce: 12345\n");
    printf("Hash:  ");
    for (int i = 0; i < 32; i++) printf("%02x", hash[i]);
    printf("\n\n");

    cosmic_harmony_v4_benchmark(3);
    return 0;
}
#endif
